nodeId,embedding
0,"[-0.054721053689718246, -0.01772649586200714]"
1,"[-0.054765842854976654, 0.06704571098089218]"
2,"[-0.053556498140096664, -0.22180365025997162]"
3,"[-0.05360128730535507, -0.1370314508676529]"
4,"[-0.05346691608428955, 0.10865196585655212]"
5,"[-0.05351170524954796, 0.19342415034770966]"
6,"[-0.05373566225171089, 0.11728514730930328]"
7,"[-1.6681606769561768, 5.332871437072754]"
8,"[-0.05364608019590378, -0.05225924402475357]"
9,"[-0.053690869361162186, 0.03251295164227486]"
10,"[-0.05391481891274452, -0.04362605884671211]"
11,"[-0.05395961552858353, 0.04114614054560661]"
12,"[-4.041793346405029, -0.5029586553573608]"
13,"[-0.05387003347277641, -0.12839825451374054]"
14,"[-0.05409397929906845, -0.2045372724533081]"
15,"[-0.054138779640197754, -0.11976506561040878]"
16,"[-0.054004404693841934, 0.12591834366321564]"
17,"[-0.05404919758439064, 0.21069052815437317]"
18,"[-0.0557064525783062, -0.15273813903331757]"
19,"[-0.05575123429298401, -0.06796593964099884]"
20,"[-0.05561686307191849, 0.17771746218204498]"
21,"[-0.05566166341304779, -0.2375103384256363]"
22,"[-0.05588560923933983, 0.18635065853595734]"
23,"[-0.055930398404598236, -0.22887714207172394]"
24,"[-0.05579603463411331, 0.016806261613965034]"
25,"[-0.05584082379937172, 0.10157845914363861]"
26,"[-0.056064773350954056, 0.025439448654651642]"
27,"[-10.06641960144043, 11.954621315002441]"
28,"[-0.05597519874572754, -0.1441049426794052]"
29,"[-0.05601998046040535, -0.059332747012376785]"
30,"[-0.05624393746256828, -0.13547176122665405]"
31,"[-4.622459411621094, 9.980374336242676]"
32,"[-0.056154362857341766, 0.1949838399887085]"
33,"[-0.05619914457201958, -0.22024396061897278]"
34,"[-0.5681838393211365, 2.972233533859253]"
35,"[-0.055034589022397995, 0.07567889988422394]"
36,"[-0.054900217801332474, -0.17863769829273224]"
37,"[-0.05494500696659088, -0.09386550635099411]"
38,"[-0.055168960243463516, -0.17000451683998108]"
39,"[-0.05521375313401222, -0.08523230999708176]"
40,"[-0.0550793819129467, 0.16045108437538147]"
41,"[-0.05512417107820511, 0.2452232837677002]"
42,"[-0.055348124355077744, 0.16908428072929382]"
43,"[-0.05539291724562645, -0.24614351987838745]"
44,"[-0.05525854229927063, -0.00046011325321160257]"
45,"[-0.055303335189819336, 0.0843120813369751]"
46,"[-0.8522968292236328, 3.577179193496704]"
47,"[-0.05557207390666008, 0.09294527024030685]"
48,"[-0.05543769896030426, -0.16137132048606873]"
49,"[-0.05548249930143356, -0.07659912109375]"
50,"[-0.05713975429534912, 0.05997220799326897]"
51,"[-0.05718454346060753, 0.144744411110878]"
52,"[-0.05705017223954201, -0.10957218706607819]"
53,"[-0.05709495395421982, -0.02479999139904976]"
54,"[-0.05731891840696335, -0.10093900561332703]"
55,"[-0.057363707572221756, -0.01616680435836315]"
56,"[-0.05722932890057564, 0.22951659560203552]"
57,"[-0.057274118065834045, -0.18571120500564575]"
58,"[-4.5076189041137695, 9.310700416564941]"
59,"[-0.057542864233255386, -0.1770780086517334]"
60,"[-9.348352432250977, 2.0736634731292725]"
61,"[-0.05745328217744827, 0.15337759256362915]"
62,"[-0.05767723545432091, 0.07723858952522278]"
63,"[-0.057722028344869614, 0.1620107889175415]"
64,"[-0.057587653398513794, -0.09230581670999527]"
65,"[-0.0576324537396431, -0.00753361638635397]"
66,"[-0.05642309784889221, 0.20361703634262085]"
67,"[-0.05646789073944092, -0.21161076426506042]"
68,"[-0.0563335157930851, 0.034072645008563995]"
69,"[-0.056378308683633804, 0.11884484440088272]"
70,"[-0.05660226196050644, 0.042705830186605453]"
71,"[-0.056647054851055145, 0.12747803330421448]"
72,"[-0.056512679904699326, -0.1268385648727417]"
73,"[-0.05655747279524803, -0.042066365480422974]"
74,"[-0.05678141862154007, -0.11820537596940994]"
75,"[-0.05682621896266937, -0.033433180302381516]"
76,"[-0.05669184401631355, 0.212250217795372]"
77,"[-0.05673663690686226, -0.20297758281230927]"
78,"[-0.056960590183734894, 0.22088341414928436]"
79,"[-0.0570053793489933, -0.1943443864583969]"
80,"[-0.05687100812792778, 0.05133901908993721]"
81,"[-0.05691578984260559, 0.13611121475696564]"
82,"[-0.05857304856181145, -0.2273174524307251]"
83,"[-0.058617837727069855, -0.14254525303840637]"
84,"[-0.05848347395658493, 0.10313814878463745]"
85,"[-0.05852826312184334, 0.18791034817695618]"
86,"[-9.979053497314453, 11.8883638381958]"
87,"[-0.05879700928926468, 0.19654352962970734]"
88,"[-0.05866263434290886, -0.057773057371377945]"
89,"[-0.058707427233457565, 0.02699914015829563]"
90,"[-0.0589313730597496, -0.04913986846804619]"
91,"[-0.058976173400878906, 0.03563232719898224]"
92,"[-0.05884179845452309, -0.21868427097797394]"
93,"[-0.058886583894491196, -0.1339120715856552]"
94,"[-0.05911053717136383, -0.21005107462406158]"
95,"[-9.685676574707031, 2.043855667114258]"
96,"[-0.8597267270088196, 3.6496405601501465]"
97,"[-0.05906574800610542, 0.2051767259836197]"
98,"[-0.057856399565935135, -0.08367262780666351]"
99,"[-0.05790119245648384, 0.0010995783377438784]"
100,"[-0.05776681751012802, 0.24678297340869904]"
101,"[-0.057811617851257324, -0.16844482719898224]"
102,"[-0.05803556367754936, -0.2445838302373886]"
103,"[-0.5199286937713623, 2.9136009216308594]"
104,"[-0.05794598162174225, 0.08587177842855453]"
105,"[-0.057990774512290955, 0.17064397037029266]"
106,"[-0.05821472778916359, 0.09450496733188629]"
107,"[-0.058259516954422, 0.17927716672420502]"
108,"[-0.058125145733356476, -0.07503943145275116]"
109,"[-0.05816993489861488, 0.009732766076922417]"
110,"[-0.05839389190077782, -0.0664062425494194]"
111,"[-0.05843867361545563, 0.018365953117609024]"
112,"[-0.0583043098449707, -0.23595064878463745]"
113,"[-0.05834909901022911, -0.15117844939231873]"
114,"[-0.09440558403730392, 0.09044106304645538]"
115,"[-0.09445037692785263, 0.1752132624387741]"
116,"[-0.09431600570678711, -0.07910334318876266]"
117,"[-0.09436079114675522, 0.005668856203556061]"
118,"[-0.09458475559949875, -0.07047015428543091]"
119,"[-0.09462954103946686, 0.014302050694823265]"
120,"[-0.09449516981840134, -0.24001455307006836]"
121,"[-0.09453995525836945, -0.15524235367774963]"
122,"[-0.09476391226053238, -0.231381356716156]"
123,"[-0.09480870515108109, -0.14660915732383728]"
124,"[-0.09467432647943497, 0.09907425194978714]"
125,"[-4.195921897888184, 9.161969184875488]"
126,"[-0.0949430763721466, 0.1077074334025383]"
127,"[-0.09498786926269531, 0.19247964024543762]"
128,"[-0.0948534905910492, -0.061836957931518555]"
129,"[-0.0948982760310173, 0.022935237735509872]"
130,"[-1.1742185354232788, 3.893338918685913]"
131,"[-0.09373372048139572, -0.1811419129371643]"
132,"[-0.0935993567109108, 0.06454148888587952]"
133,"[-0.0936441496014595, 0.14931368827819824]"
134,"[-0.09386809170246124, 0.07317467778921127]"
135,"[-0.09391288459300995, 0.1579468846321106]"
136,"[-0.09377852082252502, -0.09636971354484558]"
137,"[-0.09382331371307373, -0.011597518809139729]"
138,"[-0.09404725581407547, -0.08773653209209442]"
139,"[-0.09409205615520477, -0.002964331302791834]"
140,"[-0.09395768493413925, 0.24271906912326813]"
141,"[-0.09400246292352676, -0.17250873148441315]"
142,"[-0.0942264199256897, -0.24864773452281952]"
143,"[-0.094271220266819, -0.1638755351305008]"
144,"[-0.09413684159517288, 0.08180787414312363]"
145,"[-10.283854484558105, 2.259535551071167]"
146,"[-0.09583888202905655, -0.19684860110282898]"
147,"[-0.09588367491960526, -0.11207640916109085]"
148,"[-0.09574931114912033, 0.13360700011253357]"
149,"[-0.09579409658908844, 0.2183791995048523]"
150,"[-0.09601804614067078, 0.14224019646644592]"
151,"[-0.09606283903121948, 0.22701239585876465]"
152,"[-0.09592847526073456, -0.027304209768772125]"
153,"[-9.52918815612793, 1.6863374710083008]"
154,"[-0.096197210252285, -0.01867101527750492]"
155,"[-0.09624199569225311, 0.06610118597745895]"
156,"[-0.09610763192176819, -0.18821541965007782]"
157,"[-0.0961524248123169, -0.1034432202577591]"
158,"[-0.09637637436389923, -0.17958222329616547]"
159,"[-0.09642116725444794, -0.09481002390384674]"
160,"[-0.09628679603338242, 0.15087337791919708]"
161,"[-12.177618026733398, 3.4397988319396973]"
162,"[-0.09512224048376083, -0.0532037727534771]"
163,"[-0.09516702592372894, 0.03156842663884163]"
164,"[-0.09503265470266342, -0.22274817526340485]"
165,"[-0.09507744014263153, -0.13797597587108612]"
166,"[-0.09530140459537506, -0.2141149789094925]"
167,"[-0.09534618258476257, -0.12934277951717377]"
168,"[-0.09521181136369705, 0.11634062230587006]"
169,"[-0.09525661170482635, 0.20111282169818878]"
170,"[-0.09548056870698929, 0.12497381120920181]"
171,"[-0.0955253466963768, 0.20974601805210114]"
172,"[-0.09539097547531128, -0.04457058385014534]"
173,"[-0.09543577581644058, 0.04020161181688309]"
174,"[-0.09565972536802292, -0.03593739867210388]"
175,"[-0.09570451080799103, 0.048834800720214844]"
176,"[-0.0955701395869255, -0.20548179745674133]"
177,"[-4.0936455726623535, 8.809041023254395]"
178,"[-0.09727219492197037, 0.015861734747886658]"
179,"[-0.09731698036193848, 0.10063394159078598]"
180,"[-0.09718260169029236, -0.1536826640367508]"
181,"[-0.09722739458084106, -0.06891046464443207]"
182,"[-0.097451351583004, -0.14504946768283844]"
183,"[-0.0974961370229721, -0.06027727574110031]"
184,"[-0.09736176580190659, 0.1854061335325241]"
185,"[-0.09740655869245529, -0.22982166707515717]"
186,"[-9.196612358093262, 1.5193979740142822]"
187,"[-0.09767530113458633, -0.221188485622406]"
188,"[-0.09754092991352081, 0.02449493110179901]"
189,"[-0.09758573025465012, 0.10926713049411774]"
190,"[-0.09780967980623245, 0.03312811627984047]"
191,"[-0.09785446524620056, 0.1179003119468689]"
192,"[-0.09772009402513504, -0.13641628623008728]"
193,"[-0.09776488691568375, -0.05164407938718796]"
194,"[-0.09655553102493286, 0.15950657427310944]"
195,"[-0.09660033136606216, 0.24427875876426697]"
196,"[-0.09646596014499664, -0.010037827305495739]"
197,"[-0.09651074558496475, 0.07473436743021011]"
198,"[-0.09673469513654709, -0.0014046396827325225]"
199,"[-8.741279602050781, 1.3372020721435547]"
200,"[-0.09664512425661087, -0.1709490418434143]"
201,"[-0.09668990224599838, -0.08617683500051498]"
202,"[-0.09691386669874191, -0.16231584548950195]"
203,"[-0.09695865958929062, -0.07754365354776382]"
204,"[-0.0968242883682251, 0.1681397557258606]"
205,"[-0.09686906635761261, -0.24708804488182068]"
206,"[-0.09709303081035614, 0.17677295207977295]"
207,"[-8.921137809753418, 1.678193211555481]"
208,"[-0.09700343757867813, 0.00722854770720005]"
209,"[-0.09704823046922684, 0.09200074523687363]"
210,"[-0.0987054854631424, 0.2285720854997635]"
211,"[-0.0987502858042717, -0.18665573000907898]"
212,"[-2.9662299156188965, -0.5584450364112854]"
213,"[-0.09866069257259369, 0.14379988610744476]"
214,"[-0.09888464957475662, 0.0676608756184578]"
215,"[-0.09892944991588593, 0.15243306756019592]"
216,"[-0.09879507124423981, -0.10188353061676025]"
217,"[-10.377838134765625, 2.1501574516296387]"
218,"[-0.09906381368637085, -0.0932503417134285]"
219,"[-0.09910860657691956, -0.00847813580185175]"
220,"[-0.09897423535585403, 0.23720526695251465]"
221,"[-11.152085304260254, 2.034332036972046]"
222,"[-0.09924297034740448, 0.245838463306427]"
223,"[-0.09928777068853378, -0.16938935220241547]"
224,"[-0.09915339946746826, 0.07629406452178955]"
225,"[-0.09919818490743637, 0.16106626391410828]"
226,"[-0.09798884391784668, -0.12778308987617493]"
227,"[-0.09803362935781479, -0.0430108942091465]"
228,"[-0.09789925068616867, 0.20267251133918762]"
229,"[-0.09794405102729797, -0.21255528926849365]"
230,"[-0.09816800057888031, 0.21130570769309998]"
231,"[-0.09821278601884842, -0.2039221078157425]"
232,"[-0.0980784222483635, 0.041761305183172226]"
233,"[-0.0981232151389122, 0.12653350830078125]"
234,"[-0.09834715723991394, 0.05039449408650398]"
235,"[-0.09839195013046265, 0.1351666897535324]"
236,"[-0.09825758635997772, -0.11914990097284317]"
237,"[-2.5536227226257324, -0.6187298893928528]"
238,"[-0.09852632135152817, -0.11051671206951141]"
239,"[-0.09857111424207687, -0.025744518265128136]"
240,"[-0.09843675047159195, 0.21993888914585114]"
241,"[-0.09848154336214066, -0.19528891146183014]"
242,"[-0.08867237716913223, 0.23959968984127045]"
243,"[-0.08871717005968094, -0.17562811076641083]"
244,"[-0.08858279138803482, 0.07005530595779419]"
245,"[-0.08862759172916412, 0.15482749044895172]"
246,"[-0.08885154128074646, 0.07868848741054535]"
247,"[-0.08889632672071457, 0.16346068680286407]"
248,"[-0.08876196295022964, -0.0908559039235115]"
249,"[-0.08880675584077835, -0.006083706859499216]"
250,"[-0.08903070539236069, -0.08222271502017975]"
251,"[-0.0890754908323288, 0.002549480414018035]"
252,"[-0.08894112706184387, 0.2482328861951828]"
253,"[-0.08898591995239258, -0.16699491441249847]"
254,"[-0.08920986205339432, -0.24313393235206604]"
255,"[-0.08925466239452362, -0.15836173295974731]"
256,"[-0.0891202911734581, 0.0873216763138771]"
257,"[-0.0891650840640068, 0.17209386825561523]"
258,"[-0.08795573562383652, -0.11675547808408737]"
259,"[-0.08800052106380463, -0.031983278691768646]"
260,"[-0.08786614239215851, 0.21370013058185577]"
261,"[-0.08791093528270721, -0.2015276700258255]"
262,"[-0.08813489228487015, 0.22233331203460693]"
263,"[-0.08817967772483826, -0.19289448857307434]"
264,"[-0.08804530650377274, 0.05278892070055008]"
265,"[-2.7032744884490967, 6.259269714355469]"
266,"[-0.08831405639648438, 0.06142211705446243]"
267,"[-0.08835884183645248, 0.14619430899620056]"
268,"[-0.08822447061538696, -0.10812228918075562]"
269,"[-0.08826927095651627, -0.02335008978843689]"
270,"[-0.0884932205080986, -0.09948910027742386]"
271,"[-0.08853800594806671, -0.01471689436584711]"
272,"[-6.247864723205566, -0.23791715502738953]"
273,"[-0.0884484276175499, -0.184261292219162]"
274,"[-0.09010568261146545, -0.04768995940685272]"
275,"[-7.488056659698486, 1.5685186386108398]"
276,"[-0.09001609683036804, -0.21723435819149017]"
277,"[-0.09006088972091675, -0.13246215879917145]"
278,"[-0.09028484672307968, -0.208601176738739]"
279,"[-0.09032963961362839, -0.12382896989583969]"
280,"[-0.09019526094198227, 0.12185443192720413]"
281,"[-0.09024004638195038, 0.20662662386894226]"
282,"[-0.09046401083469391, 0.1304876208305359]"
283,"[-0.09050879627466202, 0.21525982022285461]"
284,"[-0.0903744250535965, -0.039056774228811264]"
285,"[-0.0904192104935646, 0.04571542516350746]"
286,"[-2.4171323776245117, -0.6968843936920166]"
287,"[-2.8065149784088135, -0.5921796560287476]"
288,"[-0.09055358171463013, -0.19996798038482666]"
289,"[-0.09059838205575943, -0.11519578099250793]"
290,"[-0.08938902616500854, 0.09595486521720886]"
291,"[-0.6018762588500977, 3.101440906524658]"
292,"[-0.08929945528507233, -0.07358953356742859]"
293,"[-0.08934423327445984, 0.011182667687535286]"
294,"[-0.08956819027662277, -0.06495634466409683]"
295,"[-0.08961299061775208, 0.019815854728221893]"
296,"[-0.08947861939668655, -0.2345007359981537]"
297,"[-0.08952339738607407, -0.14972853660583496]"
298,"[-0.089747354388237, -0.22586755454540253]"
299,"[-0.0897921472787857, -0.1410953551530838]"
300,"[-0.08965777605772018, 0.10458806157112122]"
301,"[-0.0897025614976883, 0.18936024606227875]"
302,"[-0.08992652595043182, 0.11322125047445297]"
303,"[-0.08997131139039993, 0.1979934424161911]"
304,"[-0.08983693271875381, -0.056323155760765076]"
305,"[-0.08988172560930252, 0.028449051082134247]"
306,"[-0.09153898060321808, 0.16502037644386292]"
307,"[-0.09158376604318619, 0.24979257583618164]"
308,"[-0.09144940227270126, -0.0045240153558552265]"
309,"[-0.09149419516324997, 0.08024818450212479]"
310,"[-0.0917181447148323, 0.004109172150492668]"
311,"[-0.09176293760538101, 0.08888137340545654]"
312,"[-0.09162856638431549, -0.16543522477149963]"
313,"[-0.0916733518242836, -0.08066302537918091]"
314,"[-7.462131023406982, 1.429369330406189]"
315,"[-1.7671445608139038, 5.188964366912842]"
316,"[-0.09180773049592972, 0.17365355789661407]"
317,"[-0.09185251593589783, -0.2415742427110672]"
318,"[-0.09207646548748016, 0.18228675425052643]"
319,"[-0.09212126582860947, -0.23294104635715485]"
320,"[-0.09198689460754395, 0.012742359191179276]"
321,"[-0.09203168004751205, 0.0975145548582077]"
322,"[-0.09082233905792236, -0.1913347989320755]"
323,"[-0.09086711704730988, -0.10656259208917618]"
324,"[-0.09073274582624435, 0.13912081718444824]"
325,"[-0.09077754616737366, 0.22389300167560577]"
326,"[-0.091001495718956, 0.1477539986371994]"
327,"[-0.0910462811589241, 0.23252619802951813]"
328,"[-0.09091190993785858, -0.0217903982847929]"
329,"[-0.09095671027898788, 0.06298179924488068]"
330,"[-0.09118065237998962, -0.013157210312783718]"
331,"[-0.09122544527053833, 0.07161499559879303]"
332,"[-0.0910910815000534, -0.18270160257816315]"
333,"[-9.04525375366211, 1.169482707977295]"
334,"[-0.09135981649160385, -0.174068421125412]"
335,"[-0.09140460938215256, -0.08929622173309326]"
336,"[-0.09127024561166763, 0.15638719499111176]"
337,"[-0.09131503105163574, 0.2411593794822693]"
338,"[-0.0929722860455513, -0.12226928770542145]"
339,"[-0.33059653639793396, 2.668691635131836]"
340,"[-0.09288270026445389, 0.2081863135099411]"
341,"[-0.09292750060558319, -0.20704148709774017]"
342,"[-0.09315145015716553, 0.21681950986385345]"
343,"[-0.09319623559713364, -0.19840829074382782]"
344,"[-0.09306186437606812, 0.0472751185297966]"
345,"[-0.09310665726661682, 0.13204731047153473]"
346,"[-0.09333061426877975, 0.05590830370783806]"
347,"[-0.09337539970874786, 0.14068050682544708]"
348,"[-0.09324102103710175, -0.1136360913515091]"
349,"[-0.09328582137823105, -0.028863893821835518]"
350,"[-0.09350977092981339, -0.10500290244817734]"
351,"[-0.0935545563697815, -0.02023070678114891]"
352,"[-0.09342019259929657, 0.22545269131660461]"
353,"[-0.09346498548984528, -0.18977510929107666]"
354,"[-0.09225563704967499, 0.021375546231865883]"
355,"[-0.0923004299402237, 0.10614774376153946]"
356,"[-0.09216605871915817, -0.14816884696483612]"
357,"[-0.09221083670854568, -0.0633966475725174]"
358,"[-0.09243480116128922, -0.13953566551208496]"
359,"[-0.09247959405183792, -0.05476346239447594]"
360,"[-0.0923452079296112, 0.1909199357032776]"
361,"[-0.09239000082015991, -0.2243078649044037]"
362,"[-0.09261396527290344, 0.19955313205718994]"
363,"[-0.09265875071287155, -0.21567466855049133]"
364,"[-0.09252437204122543, 0.03000873513519764]"
365,"[-0.09256916493177414, 0.11478094011545181]"
366,"[-0.09279312193393707, 0.038641929626464844]"
367,"[-0.09283790737390518, 0.12341412901878357]"
368,"[-0.09270353615283966, -0.1309024691581726]"
369,"[-0.09274832904338837, -0.04613027721643448]"
370,"[-0.08293917775154114, -0.1112416610121727]"
371,"[-0.08298397064208984, -0.026469465345144272]"
372,"[-0.08284959197044373, 0.21921393275260925]"
373,"[-0.08289437741041183, -0.19601386785507202]"
374,"[-0.08311834186315536, 0.2278471291065216]"
375,"[-0.08316313475370407, -0.18738067150115967]"
376,"[-0.08302874863147736, 0.05830272659659386]"
377,"[-0.08307354152202606, 0.14307492971420288]"
378,"[-0.08329750597476959, 0.06693591177463531]"
379,"[-0.0833422914147377, 0.15170811116695404]"
380,"[-0.08320791274309158, -0.10260847210884094]"
381,"[-0.08325270563364029, -0.017836278304457664]"
382,"[-0.08347667008638382, -0.09397529065608978]"
383,"[-0.08352144807577133, -0.009203090332448483]"
384,"[-0.08338707685470581, 0.23648031055927277]"
385,"[-0.08343187719583511, -0.1787474900484085]"
386,"[-0.08222252130508423, 0.03240317106246948]"
387,"[-0.08226732164621353, 0.11717536300420761]"
388,"[-0.08213294297456741, -0.13714122772216797]"
389,"[-0.08217773586511612, -0.05236903578042984]"
390,"[-0.08240168541669846, -0.1285080462694168]"
391,"[-0.08244647830724716, -0.04373583942651749]"
392,"[-0.08231210708618164, 0.20194755494594574]"
393,"[-0.08235689252614975, -0.21328024566173553]"
394,"[-0.08258084207773209, 0.2105807512998581]"
395,"[-0.08262564241886139, -0.20464704930782318]"
396,"[-0.08249127119779587, 0.041036348789930344]"
397,"[-0.08253605663776398, 0.12580855190753937]"
398,"[-0.08276000618934631, 0.0496695376932621]"
399,"[-0.08280480653047562, 0.13444173336029053]"
400,"[-0.0826704353094101, -0.11987484991550446]"
401,"[-0.0827152207493782, -0.03510265424847603]"
402,"[-0.08437247574329376, 0.10146866738796234]"
403,"[-0.08441726118326187, 0.18624086678028107]"
404,"[-0.08428289741277695, -0.06807571649551392]"
405,"[-0.08432769030332565, 0.01669647917151451]"
406,"[-0.08455163240432739, -0.05944253131747246]"
407,"[-0.0845964327454567, 0.02532966621220112]"
408,"[-0.08446206152439117, -0.2289869338274002]"
409,"[-0.08450685441493988, -0.14421473443508148]"
410,"[-11.949946403503418, 2.917879581451416]"
411,"[-0.08477559685707092, -0.13558153808116913]"
412,"[-0.0846412256360054, 0.1101018562912941]"
413,"[-0.08468600362539291, 0.19487406313419342]"
414,"[-0.08490996062755585, 0.11873505264520645]"
415,"[-0.08495476096868515, 0.20350724458694458]"
416,"[-0.08482038974761963, -0.0508093424141407]"
417,"[-0.08486516773700714, 0.033962853252887726]"
418,"[-0.08365582674741745, 0.24511350691318512]"
419,"[-0.08370061218738556, -0.17011429369449615]"
420,"[-1.5468026399612427, 5.090278625488281]"
421,"[-0.08361104130744934, 0.1603413075208664]"
422,"[-7.219600200653076, -0.0328310951590538]"
423,"[-0.08387977629899979, 0.16897448897361755]"
424,"[-0.08374540507793427, -0.08534210175275803]"
425,"[-0.08379019796848297, -0.00056989531731233]"
426,"[-0.08401414752006531, -0.07670890539884567]"
427,"[-0.08405894041061401, 0.008063292130827904]"
428,"[-0.08392456918954849, -0.24625331163406372]"
429,"[-0.0839693620800972, -0.161481112241745]"
430,"[-0.08419331163167953, -0.23762011528015137]"
431,"[-0.08423809707164764, -0.15284791588783264]"
432,"[-0.08410373330116272, 0.09283548593521118]"
433,"[-0.08414852619171143, 0.1776076853275299]"
434,"[-0.08580578118562698, -0.18582098186016083]"
435,"[-0.08585056662559509, -0.1010487824678421]"
436,"[-0.08571619540452957, 0.14463461935520172]"
437,"[-0.08576098829507828, 0.22940681874752045]"
438,"[-0.08598494529724121, 0.15326780080795288]"
439,"[-0.08602973073720932, 0.2380400002002716]"
440,"[-0.0858953520655632, -0.016276586800813675]"
441,"[-0.0859401524066925, 0.06849560886621475]"
442,"[-0.08616410940885544, -0.007643398828804493]"
443,"[-0.08620888739824295, 0.07712879776954651]"
444,"[-0.08607451617717743, -0.17718780040740967]"
445,"[-0.08611931651830673, -0.09241559356451035]"
446,"[-0.08634325861930847, -0.16855460405349731]"
447,"[-0.08638805150985718, -0.08378241211175919]"
448,"[-0.08625368028879166, 0.16190099716186523]"
449,"[-0.08629848062992096, 0.24667319655418396]"
450,"[-0.08508912473917007, -0.04217615723609924]"
451,"[-0.08513391762971878, 0.04259604960680008]"
452,"[-0.08499954640865326, -0.2117205560207367]"
453,"[-0.08504433184862137, -0.12694835662841797]"
454,"[-0.0852682963013649, -0.20308735966682434]"
455,"[-0.08531308174133301, -0.11831516772508621]"
456,"[-0.08517870306968689, 0.1273682415485382]"
457,"[-0.0852234959602356, 0.21214044094085693]"
458,"[-0.08544745296239853, 0.13600142300128937]"
459,"[-0.08549224585294724, 0.2207736223936081]"
460,"[-3.7160964012145996, -0.5503554940223694]"
461,"[-0.08540266007184982, 0.051229238510131836]"
462,"[-0.08562661707401276, -0.024909773841500282]"
463,"[-0.08567140996456146, 0.059862423688173294]"
464,"[-0.08553703129291534, -0.19445417821407318]"
465,"[-0.08558181673288345, -0.10968197137117386]"
466,"[-0.08723907172679901, 0.026889359578490257]"
467,"[-0.08728387206792831, 0.11166154593229294]"
468,"[-0.08714950084686279, -0.14265504479408264]"
469,"[-0.0871942862868309, -0.05788283795118332]"
470,"[-0.08741823583841324, -0.1340218484401703]"
471,"[-3.501025438308716, 7.3537516593933105]"
472,"[-0.08732866495847702, 0.19643375277519226]"
473,"[-0.08737345039844513, -0.218794047832489]"
474,"[-0.08759740740060806, 0.20506693422794342]"
475,"[-0.08764220029115677, -0.21016086637973785]"
476,"[-0.08750782161951065, 0.035522546619176865]"
477,"[-0.08755260705947876, 0.1202947348356247]"
478,"[-0.08777657151222229, 0.04415573179721832]"
479,"[-0.087821364402771, 0.12892793118953705]"
480,"[-0.08768697828054428, -0.12538866698741913]"
481,"[-0.08773177117109299, -0.040616463869810104]"
482,"[-0.0865224227309227, 0.1705341786146164]"
483,"[-0.0865672156214714, -0.24469362199306488]"
484,"[-0.08643285185098648, 0.0009897887939587235]"
485,"[-0.08647764474153519, 0.08576198667287827]"
486,"[-0.08670158684253693, 0.009622976183891296]"
487,"[-0.08674637973308563, 0.09439518302679062]"
488,"[-0.08661201596260071, -0.15992142260074615]"
489,"[-0.08665680140256882, -0.07514922320842743]"
490,"[-0.08688075095415115, -0.1512882262468338]"
491,"[-0.08692555129528046, -0.06651603430509567]"
492,"[-0.08679117262363434, 0.17916737496852875]"
493,"[-0.08683596551418304, -0.23606042563915253]"
494,"[-0.08705991506576538, 0.1878005564212799]"
495,"[-0.08710470795631409, -0.22742724418640137]"
496,"[-0.08697033673524857, 0.0182561706751585]"
497,"[-0.08701512217521667, 0.10302836447954178]"
498,"[-0.07720596343278885, 0.037916965782642365]"
499,"[-0.07725075632333755, 0.12268917262554169]"
500,"[-0.07711639255285263, -0.1316274255514145]"
501,"[-7.451183795928955, 1.522691249847412]"
502,"[-0.07738512754440308, -0.12299423664808273]"
503,"[-0.07742992043495178, -0.03822203725576401]"
504,"[-0.07729555666446686, 0.2074613720178604]"
505,"[-0.07734034210443497, -0.20776642858982086]"
506,"[-0.0775642916560173, 0.21609455347061157]"
507,"[-0.0776090919971466, -0.1991332471370697]"
508,"[-0.07747472077608109, 0.04655016213655472]"
509,"[-0.0775194987654686, 0.13132235407829285]"
510,"[-0.07774345576763153, 0.055183351039886475]"
511,"[-0.07778824865818024, 0.1399555504322052]"
512,"[-0.07765387743711472, -0.11436104774475098]"
513,"[-3.7414379119873047, 7.654207229614258]"
514,"[-0.07648932188749313, 0.18156179785728455]"
515,"[-0.07653410732746124, -0.23366600275039673]"
516,"[-0.07639973610639572, 0.012017404660582542]"
517,"[-0.07644452899694443, 0.09678960591554642]"
518,"[-0.07666848599910736, 0.02065059170126915]"
519,"[-0.07671327143907547, 0.10542278736829758]"
520,"[-4.039983749389648, -0.5587297081947327]"
521,"[-0.07662369310855865, -0.06412159651517868]"
522,"[-0.07684765011072159, -0.14026060700416565]"
523,"[-0.0768924281001091, -0.05548841133713722]"
524,"[-0.07675805687904358, 0.1901949942111969]"
525,"[-0.07680285722017288, -0.22503280639648438]"
526,"[-0.07702679932117462, 0.19882817566394806]"
527,"[-0.07707159221172333, -0.21639962494373322]"
528,"[-0.0769372284412384, 0.029283780604600906]"
529,"[-4.0084028244018555, 8.287156105041504]"
530,"[-0.07863927632570267, -0.2493726909160614]"
531,"[-0.07868405431509018, -0.16460049152374268]"
532,"[-4.048924446105957, 8.083902359008789]"
533,"[-0.07859447598457336, 0.16585510969161987]"
534,"[-0.0788184404373169, 0.0897160992026329]"
535,"[-0.0788632184267044, 0.17448830604553223]"
536,"[-0.07872884720563889, -0.07982829213142395]"
537,"[-0.07877364754676819, 0.004943901672959328]"
538,"[-0.07899759709835052, -0.0711951032280922]"
539,"[-0.07904238253831863, 0.013577088713645935]"
540,"[-0.07890801131725311, -0.24073949456214905]"
541,"[-2.7037484645843506, 6.120254993438721]"
542,"[-0.07917676120996475, -0.2321063131093979]"
543,"[-0.07922154664993286, -0.14733411371707916]"
544,"[-0.07908717542886734, 0.09834929555654526]"
545,"[-0.07913196831941605, 0.1831214874982834]"
546,"[-0.07792261987924576, -0.10572785139083862]"
547,"[-0.07796741276979446, -0.020955661311745644]"
548,"[-0.07783304154872894, 0.22472774982452393]"
549,"[-0.07787782698869705, -0.19050005078315735]"
550,"[-0.07810178399085999, 0.23336093127727509]"
551,"[-0.07814657688140869, -0.1818668693304062]"
552,"[-0.07801220566034317, 0.06381653994321823]"
553,"[-0.07805699110031128, 0.14858873188495636]"
554,"[-10.7330322265625, 2.56404447555542]"
555,"[-9.000733375549316, 1.9445875883102417]"
556,"[-0.0781913623213768, -0.09709466248750687]"
557,"[-0.07823614776134491, -0.012322473339736462]"
558,"[-0.07846011221408844, -0.08846147358417511]"
559,"[-0.07850490510463715, -0.0036892860662192106]"
560,"[-0.07837052643299103, 0.24199412763118744]"
561,"[-0.07841531187295914, -0.17323367297649384]"
562,"[-0.0800725668668747, -0.03666234388947487]"
563,"[-0.080117367208004, 0.04810984805226326]"
564,"[-0.07998299598693848, -0.20620673894882202]"
565,"[-0.08002777397632599, -0.1214345395565033]"
566,"[-0.08025173097848892, -0.19757355749607086]"
567,"[-0.08029653131961823, -0.11280135810375214]"
568,"[-0.0801621600985527, 0.1328820437192917]"
569,"[-0.08020693808794022, 0.2176542431116104]"
570,"[-0.08043090254068375, 0.14151524007320404]"
571,"[-0.08047569543123245, 0.22628743946552277]"
572,"[-0.08034131675958633, -0.02802915684878826]"
573,"[-0.08038610219955444, 0.05674303323030472]"
574,"[-0.08061006665229797, -0.019395969808101654]"
575,"[-0.08065485209226608, 0.06537622958421707]"
576,"[-0.08052047342061996, -0.1889403611421585]"
577,"[-8.876433372497559, 1.410563349723816]"
578,"[-0.07935591787099838, 0.10698248445987701]"
579,"[-0.07940071076154709, 0.19175468385219574]"
580,"[-4.52703332901001, -0.5544468760490417]"
581,"[-0.07931113243103027, 0.02221028320491314]"
582,"[-0.07953508198261261, -0.053928717970848083]"
583,"[-0.07957986742258072, 0.030843472108244896]"
584,"[-0.0794455036520958, -0.22347311675548553]"
585,"[-0.0794902965426445, -0.1387009173631668]"
586,"[-0.07971424609422684, -0.21483993530273438]"
587,"[-4.601193428039551, 9.733681678771973]"
588,"[-0.07962466776371002, 0.11561566591262817]"
589,"[-0.6842822432518005, 3.217630386352539]"
590,"[-0.07989340275526047, 0.12424885481595993]"
591,"[-3.6118171215057373, 7.574832439422607]"
592,"[-0.07980383187532425, -0.045295532792806625]"
593,"[-0.07984861731529236, 0.0394766591489315]"
594,"[-0.08150587975978851, 0.17604799568653107]"
595,"[-0.08155065774917603, -0.2391798049211502]"
596,"[-0.0814162865281105, 0.006503600627183914]"
597,"[-0.08146108686923981, 0.09127578884363174]"
598,"[-0.08168502897024155, 0.015136787667870522]"
599,"[-0.08172982186079025, 0.0999089777469635]"
600,"[-0.08159545063972473, -0.15440760552883148]"
601,"[-0.08164025098085403, -0.06963541358709335]"
602,"[-0.08186419308185577, -0.14577442407608032]"
603,"[-0.08190898597240448, -0.0610022209584713]"
604,"[-7.222513198852539, -0.17129841446876526]"
605,"[-0.08181941509246826, -0.23054662346839905]"
606,"[-0.08204335719347, 0.19331437349319458]"
607,"[-0.08208815008401871, -0.2219134271144867]"
608,"[-0.08195378631353378, 0.02376997470855713]"
609,"[-0.08199857175350189, 0.10854217410087585]"
610,"[-0.0807892233133316, -0.18030717968940735]"
611,"[-0.08083401620388031, -0.09553498029708862]"
612,"[-0.08069963753223419, 0.1501484215259552]"
613,"[-0.0807444304227829, 0.23492062091827393]"
614,"[-1.6678041219711304, 5.295007705688477]"
615,"[-0.08101317286491394, 0.24355381727218628]"
616,"[-0.08087880164384842, -0.010762774385511875]"
617,"[-0.08092359453439713, 0.07400941848754883]"
618,"[-0.08114755153656006, -0.0021295868791639805]"
619,"[-0.08119233697652817, 0.08264259994029999]"
620,"[-0.08105796575546265, -0.171673983335495]"
621,"[-0.08110275864601135, -0.08690178394317627]"
622,"[-0.08132671564817429, -0.16304080188274384]"
623,"[-0.0813715010881424, -0.07826859503984451]"
624,"[-0.08123712241649628, 0.1674147993326187]"
625,"[-0.08128192275762558, -0.24781300127506256]"
626,"[0.06612417101860046, -0.23311707377433777]"
627,"[0.06607937067747116, -0.14834487438201904]"
628,"[0.06621374189853668, 0.09733852744102478]"
629,"[0.06616894900798798, 0.1821107268333435]"
630,"[0.06594500690698624, 0.10597172379493713]"
631,"[0.06590020656585693, 0.19074392318725586]"
632,"[0.06603457778692245, -0.06357268244028091]"
633,"[0.06598979979753494, 0.02119951695203781]"
634,"[0.06576584279537201, -0.05493949353694916]"
635,"[0.0657210424542427, 0.029832713305950165]"
636,"[0.06585542112588882, -0.22448387742042542]"
637,"[0.06581063568592072, -0.1397116780281067]"
638,"[0.06558667868375778, -0.21585069596767426]"
639,"[0.06554188579320908, -0.13107849657535553]"
640,"[0.0656762570142746, 0.11460491269826889]"
641,"[0.06563147157430649, 0.19937710464000702]"
642,"[0.06684081256389618, -0.08947224169969559]"
643,"[0.06679602712392807, -0.004700044635683298]"
644,"[0.06693039834499359, 0.24098336696624756]"
645,"[0.06688560545444489, -0.17424443364143372]"
646,"[0.06666165590286255, 0.24961654841899872]"
647,"[0.06661686301231384, -0.16561125218868256]"
648,"[0.06675124168395996, 0.08007214963436127]"
649,"[0.06670644134283066, 0.16484434902668]"
650,"[0.06648249179124832, 0.08870533853769302]"
651,"[0.06643770635128021, 0.17347754538059235]"
652,"[0.06657207012176514, -0.08083905279636383]"
653,"[0.06652727723121643, 0.0039331428706645966]"
654,"[0.06630333513021469, -0.07220587134361267]"
655,"[0.06625854223966599, 0.012566329911351204]"
656,"[-7.932185173034668, -0.1387566328048706]"
657,"[0.0663481131196022, -0.1569780558347702]"
658,"[0.06469085812568665, -0.020406736060976982]"
659,"[0.06464608013629913, 0.0643654614686966]"
660,"[0.06478045135736465, -0.1899511218070984]"
661,"[0.06473565101623535, -0.10517892241477966]"
662,"[0.06451169401407242, -0.18131794035434723]"
663,"[0.0644669160246849, -0.0965457409620285]"
664,"[0.06460128724575043, 0.14913766086101532]"
665,"[0.06455648690462112, 0.23390986025333405]"
666,"[0.06433253735303879, 0.15777085721492767]"
667,"[0.06428775191307068, 0.2425430566072464]"
668,"[0.0644221231341362, -0.0117735480889678]"
669,"[0.0643773227930069, 0.07299865782260895]"
670,"[0.06415338069200516, -0.0031403531320393085]"
671,"[0.06410858780145645, 0.0816318467259407]"
672,"[0.06424295157194138, -0.17268474400043488]"
673,"[0.06419816613197327, -0.08791255205869675]"
674,"[0.06540750712156296, 0.12323809415102005]"
675,"[0.06536272168159485, 0.20801030099391937]"
676,"[0.06549709290266037, -0.046306297183036804]"
677,"[0.06545230746269226, 0.03846589848399162]"
678,"[0.06522835046052933, -0.037673112004995346]"
679,"[0.06518355756998062, 0.04709908738732338]"
680,"[0.06531793624162674, -0.2072174996137619]"
681,"[0.06527314335107803, -0.12244530022144318]"
682,"[0.0650491863489151, -0.19858431816101074]"
683,"[0.0650043934583664, -0.11381211131811142]"
684,"[0.06513877213001251, 0.1318712830543518]"
685,"[0.0650939866900444, 0.21664348244667053]"
686,"[0.06487002223730087, 0.14050447940826416]"
687,"[0.06482523679733276, 0.22527667880058289]"
688,"[0.06495960801839828, -0.02903992310166359]"
689,"[0.06491482257843018, 0.055732276290655136]"
690,"[0.06325756758451462, 0.1923036128282547]"
691,"[0.06321276724338531, -0.22292418777942657]"
692,"[0.06334713846445084, 0.0227592084556818]"
693,"[0.06330236047506332, 0.10753140598535538]"
694,"[0.0630783960223198, 0.03139239549636841]"
695,"[0.06303360313177109, 0.11616460233926773]"
696,"[-10.612513542175293, 12.03780746459961]"
697,"[0.0631231963634491, -0.05337980017066002]"
698,"[0.06289923191070557, -0.1295188069343567]"
699,"[0.06285443902015686, -0.04474661499261856]"
700,"[0.06298882514238358, 0.20093679428100586]"
701,"[0.06294403225183487, -0.21429100632667542]"
702,"[0.06272006779909134, 0.2095699906349182]"
703,"[0.06267528235912323, -0.20565780997276306]"
704,"[0.06280966103076935, 0.04002559185028076]"
705,"[0.06276486814022064, 0.12479779124259949]"
706,"[0.06397421658039093, -0.16405156254768372]"
707,"[0.06392942368984222, -0.0792793557047844]"
708,"[0.06406378746032715, 0.16640403866767883]"
709,"[-10.73461627960205, 2.0756101608276367]"
710,"[0.0637950524687767, 0.1750372350215912]"
711,"[0.0637502670288086, -0.2401905655860901]"
712,"[0.06388463079929352, 0.005492834374308586]"
713,"[0.06383983790874481, 0.09026503562927246]"
714,"[0.06361588835716248, 0.014126021414995193]"
715,"[0.06357109546661377, 0.09889821708202362]"
716,"[0.06370546668767929, -0.15541836619377136]"
717,"[0.06366068124771118, -0.07064616680145264]"
718,"[0.06343673169612885, -0.1467851847410202]"
719,"[-5.967977046966553, -0.0536312609910965]"
720,"[0.06352630257606506, 0.18367041647434235]"
721,"[0.06348151713609695, -0.23155738413333893]"
722,"[-7.411677837371826, 1.5172172784805298]"
723,"[0.06177947670221329, -0.01021385658532381]"
724,"[0.06191384047269821, 0.23546954989433289]"
725,"[0.061869051307439804, -0.1797582507133484]"
726,"[0.06164510175585747, 0.24410274624824524]"
727,"[0.06160031259059906, -0.17112505435943604]"
728,"[0.061734676361083984, 0.07455834001302719]"
729,"[0.06168988719582558, 0.1593305468559265]"
730,"[-8.942753791809082, 1.5345100164413452]"
731,"[0.06142114847898483, 0.16796372830867767]"
732,"[0.06155551224946976, -0.0863528624176979]"
733,"[0.06151072308421135, -0.001580669078975916]"
734,"[0.06128677725791931, -0.07771967351436615]"
735,"[0.06124197691679001, 0.007052525877952576]"
736,"[0.06137634813785553, -0.2472640722990036]"
737,"[0.06133156642317772, -0.16249187290668488]"
738,"[0.06254091113805771, 0.04865878075361252]"
739,"[0.0624961219727993, 0.13343097269535065]"
740,"[0.06263049691915512, -0.12088561803102493]"
741,"[0.06258570402860641, -0.03611341863870621]"
742,"[0.06236175075173378, -0.11225242167711258]"
743,"[0.062316957861185074, -0.0274802315980196]"
744,"[0.062451332807540894, 0.21820317208766937]"
745,"[0.06240653246641159, -0.1970246285200119]"
746,"[0.06218258664011955, 0.22683636844158173]"
747,"[0.06213779374957085, -0.18839143216609955]"
748,"[0.062272168695926666, 0.057291965931653976]"
749,"[0.06222737580537796, 0.142064169049263]"
750,"[0.062003422528505325, 0.06592515110969543]"
751,"[0.06195863336324692, 0.15069735050201416]"
752,"[0.062093012034893036, -0.10361923277378082]"
753,"[-1.7709678411483765, 5.203469276428223]"
754,"[0.07185737043619156, -0.08395843952894211]"
755,"[0.07181258499622345, 0.000813766848295927]"
756,"[0.07194695621728897, 0.24649716913700104]"
757,"[0.07190215587615967, -0.16873063147068024]"
758,"[0.07167820632457733, -0.2448696345090866]"
759,"[0.07163342088460922, -0.16009745001792908]"
760,"[0.07176779210567474, 0.08558596670627594]"
761,"[0.07172299176454544, 0.17035816609859467]"
762,"[0.0714990422129631, 0.0942191556096077]"
763,"[0.071454256772995, 0.17899134755134583]"
764,"[0.07158862799406052, -0.07532524317502975]"
765,"[0.07154383510351181, 0.009446954354643822]"
766,"[0.07131988555192947, -0.066692054271698]"
767,"[0.07127509266138077, 0.01808014139533043]"
768,"[0.07140946388244629, -0.23623645305633545]"
769,"[0.07136467099189758, -0.15146425366401672]"
770,"[0.07257402688264847, 0.05968639627099037]"
771,"[0.07252922654151917, 0.1444585919380188]"
772,"[0.07266359776258469, -0.10985799878835678]"
773,"[0.07261881232261658, -0.025085803121328354]"
774,"[0.07239485532045364, -0.10122480988502502]"
775,"[0.07235006242990494, -0.016452616080641747]"
776,"[0.07248444110155106, 0.22923079133033752]"
777,"[0.07243965566158295, -0.18599700927734375]"
778,"[0.07221569120883942, 0.23786398768424988]"
779,"[0.07217089831829071, -0.1773638278245926]"
780,"[0.07230528444051743, 0.06831958144903183]"
781,"[0.07226049154996872, 0.15309178829193115]"
782,"[0.07203652709722519, 0.07695277780294418]"
783,"[0.07199174165725708, 0.1617249697446823]"
784,"[0.0721261203289032, -0.09259162843227386]"
785,"[0.07208132743835449, -0.007819428108632565]"
786,"[0.07042407244443893, 0.12875190377235413]"
787,"[0.07037927210330963, 0.21352410316467285]"
788,"[0.07051364332437515, -0.040792495012283325]"
789,"[0.07046886533498764, 0.043979711830616]"
790,"[0.07024490833282471, -0.03215929865837097]"
791,"[0.070200115442276, 0.052612900733947754]"
792,"[0.07033448666334152, -0.20170369744300842]"
793,"[0.07028970122337341, -0.1169315055012703]"
794,"[0.07006573677062988, -0.19307050108909607]"
795,"[0.07002095133066177, -0.10829830914735794]"
796,"[0.07015533000230789, 0.13738510012626648]"
797,"[0.07011053711175919, 0.2221572995185852]"
798,"[0.06988658010959625, 0.14601828157901764]"
799,"[0.06984178721904755, 0.23079048097133636]"
800,"[0.06997616589069366, -0.023526111617684364]"
801,"[0.06993137300014496, 0.06124608591198921]"
802,"[0.07114072144031525, -0.2276032567024231]"
803,"[0.07109593600034714, -0.14283107221126556]"
804,"[0.07123029977083206, 0.10285233706235886]"
805,"[0.07118550688028336, 0.18762454390525818]"
806,"[0.07096155732870102, 0.11148552596569061]"
807,"[0.07091677188873291, 0.19625772535800934]"
808,"[0.07105113565921783, -0.05805886909365654]"
809,"[0.07100634276866913, 0.026713328436017036]"
810,"[0.07078240066766739, -0.04942568019032478]"
811,"[0.07073760032653809, 0.035346515476703644]"
812,"[0.07087197154760361, -0.21897007524967194]"
813,"[0.0708271786570549, -0.1341978758573532]"
814,"[0.07060323655605316, -0.21033687889575958]"
815,"[0.07055843621492386, -0.12556469440460205]"
816,"[0.07069280743598938, 0.12011872231960297]"
817,"[0.07064802944660187, 0.2048909217119217]"
818,"[0.06899077445268631, -0.15853774547576904]"
819,"[0.0689459815621376, -0.07376556098461151]"
820,"[0.06908035278320312, 0.1719178557395935]"
821,"[0.06903555244207382, -0.24330994486808777]"
822,"[0.06881161034107208, 0.18055103719234467]"
823,"[0.06876681745052338, -0.2346767634153366]"
824,"[0.0689011812210083, 0.011006638407707214]"
825,"[0.06885639578104019, 0.09577884525060654]"
826,"[0.06863244622945786, 0.01963983289897442]"
827,"[0.06858765333890915, 0.1044120341539383]"
828,"[0.06872201710939407, -0.14990456402301788]"
829,"[0.06867723166942596, -0.06513237208127975]"
830,"[0.06845328211784363, -0.14127136766910553]"
831,"[0.06840848177671432, -0.0564991757273674]"
832,"[0.06854286044836044, 0.18918423354625702]"
833,"[0.06849806755781174, -0.22604356706142426]"
834,"[0.06970741599798203, -0.014892923645675182]"
835,"[0.06966262310743332, 0.06987927109003067]"
836,"[0.06979700177907944, -0.1844373196363449]"
837,"[0.06975221633911133, -0.09966512024402618]"
838,"[0.0695282518863678, -0.17580412328243256]"
839,"[0.06948346644639969, -0.09103193134069443]"
840,"[0.06961783766746521, 0.15465147793293]"
841,"[0.0695730447769165, 0.23942367732524872]"
842,"[0.06934908777475357, 0.16328465938568115]"
843,"[0.06930430978536606, 0.24805685877799988]"
844,"[0.06943868100643158, -0.006259736604988575]"
845,"[0.06939388066530228, 0.07851245999336243]"
846,"[-2.64510440826416, -0.6038016676902771]"
847,"[0.06912514567375183, 0.08714564889669418]"
848,"[0.06925951689481735, -0.1671709418296814]"
849,"[0.06921471655368805, -0.08239874988794327]"
850,"[0.06755746155977249, 0.054172582924366]"
851,"[0.06751266866922379, 0.13894478976726532]"
852,"[0.0676470547914505, -0.11537181586027145]"
853,"[0.0676022619009018, -0.03059961460530758]"
854,"[0.06737829744815826, -0.1067386269569397]"
855,"[0.06733351200819016, -0.02196642756462097]"
856,"[0.06746789067983627, 0.22371698915958405]"
857,"[0.06742309778928757, -0.19151081144809723]"
858,"[0.06719914078712463, 0.2323501706123352]"
859,"[0.06715435534715652, -0.18287762999534607]"
860,"[0.06728872656822205, 0.06280577927827835]"
861,"[0.06724392622709274, 0.14757797122001648]"
862,"[0.0670199766755104, 0.07143896818161011]"
863,"[0.0669751912355423, 0.15621116757392883]"
864,"[0.06710956245660782, -0.09810543805360794]"
865,"[0.06706476211547852, -0.013333232142031193]"
866,"[0.0682741180062294, 0.19781741499900818]"
867,"[-3.745044469833374, 7.8717498779296875]"
868,"[0.06836369633674622, 0.028273019939661026]"
869,"[0.0683189108967781, 0.11304521560668945]"
870,"[0.06809496134519577, 0.03690620884299278]"
871,"[0.06805016100406647, 0.12167840451002121]"
872,"[0.06818453222513199, -0.13263818621635437]"
873,"[0.06813974678516388, -0.04786599054932594]"
874,"[0.06791579723358154, -0.12400499731302261]"
875,"[0.06787099689245224, -0.039232801645994186]"
876,"[0.06800536811351776, 0.20645061135292053]"
877,"[0.06796058267354965, -0.20877718925476074]"
878,"[0.06773662567138672, 0.2150837928056717]"
879,"[0.06769183278083801, -0.20014400780200958]"
880,"[0.06782621145248413, 0.04553939402103424]"
881,"[0.06778142601251602, 0.13031159341335297]"
882,"[0.07759057730436325, 0.06520020961761475]"
883,"[0.07754578441381454, 0.14997240900993347]"
884,"[0.07768015563488007, -0.1043441891670227]"
885,"[0.07763537019491196, -0.01957199163734913]"
886,"[-3.685044050216675, -0.5101828575134277]"
887,"[0.07736662030220032, -0.010938803665339947]"
888,"[-4.048249244689941, -0.5594336986541748]"
889,"[-2.840625762939453, -0.5597109198570251]"
890,"[-4.520999431610107, 9.627585411071777]"
891,"[0.07718745619058609, -0.17185001075267792]"
892,"[0.07732182741165161, 0.0738333910703659]"
893,"[0.0772770419716835, 0.15860559046268463]"
894,"[0.07705308496952057, 0.08246657997369766]"
895,"[0.07700829207897186, 0.16723878681659698]"
896,"[0.07714267075061798, -0.08707781136035919]"
897,"[0.07709788531064987, -0.0023056163918226957]"
898,"[-4.798996448516846, -0.014427910558879375]"
899,"[0.07826244086027145, -0.20638276636600494]"
900,"[0.07839680463075638, 0.03930063545703888]"
901,"[0.07835201174020767, 0.1240728422999382]"
902,"[0.07812806963920593, 0.04793383181095123]"
903,"[0.07808327674865723, 0.13270603120326996]"
904,"[0.07821764051914215, -0.12161057442426682]"
905,"[0.07817284762859344, -0.03683837503194809]"
906,"[0.0779489055275917, -0.11297738552093506]"
907,"[-4.091207504272461, 8.282231330871582]"
908,"[0.07803847640752792, 0.21747823059558868]"
909,"[0.07799369096755981, -0.19774958491325378]"
910,"[0.07776974141597748, 0.22611141204833984]"
911,"[0.07772494107484818, -0.18911638855934143]"
912,"[0.0778593197464943, 0.05656702071428299]"
913,"[0.07781453430652618, 0.14133921265602112]"
914,"[0.07615727186203003, -0.22208945453166962]"
915,"[0.07611248642206192, -0.1373172551393509]"
916,"[0.07624685764312744, 0.10836615413427353]"
917,"[0.07620206475257874, 0.19313834607601166]"
918,"[0.0759781152009964, 0.11699933558702469]"
919,"[-3.9534683227539062, 8.199236869812012]"
920,"[0.07606768608093262, -0.052545055747032166]"
921,"[0.07602290064096451, 0.03222713991999626]"
922,"[0.07579895108938217, -0.04391187056899071]"
923,"[0.07575416564941406, 0.04086032882332802]"
924,"[0.07588852941989899, -0.21345627307891846]"
925,"[0.07584373652935028, -0.12868407368659973]"
926,"[0.07561978697776794, -0.2048230767250061]"
927,"[0.07557500153779984, -0.12005087733268738]"
928,"[0.07570936530828476, 0.12563252449035645]"
929,"[-0.44348573684692383, 2.741090774536133]"
930,"[0.07687392085790634, -0.07844462990760803]"
931,"[0.07682912796735764, 0.006327570881694555]"
932,"[0.07696350663900375, -0.24798902869224548]"
933,"[0.07691872119903564, -0.16321682929992676]"
934,"[-4.176190376281738, 8.289193153381348]"
935,"[0.0766499787569046, -0.1545836329460144]"
936,"[0.07678434997797012, 0.09109976887702942]"
937,"[0.07673955708742142, 0.17587196826934814]"
938,"[0.07651559263467789, 0.09973296523094177]"
939,"[0.07647081464529037, 0.1845051646232605]"
940,"[0.0766051858663559, -0.06981144100427628]"
941,"[-3.7836179733276367, 8.273054122924805]"
942,"[-6.78411340713501, 0.5161563754081726]"
943,"[0.07629165053367615, 0.023593952879309654]"
944,"[0.07642602175474167, -0.23072265088558197]"
945,"[0.07638122141361237, -0.14595045149326324]"
946,"[0.07472396641969681, -0.009379112161695957]"
947,"[0.0746791809797287, 0.07539308816194534]"
948,"[0.07481355965137482, -0.17892351746559143]"
949,"[0.07476876676082611, -0.0941513180732727]"
950,"[0.07454480975866318, -0.17029032111167908]"
951,"[0.07450001686811447, -0.08551812171936035]"
952,"[0.07463439553976059, 0.16016528010368347]"
953,"[0.07458960264921188, 0.2449374794960022]"
954,"[-1.2216717004776, 4.317210674285889]"
955,"[0.07432085275650024, -0.24642932415008545]"
956,"[0.07445523142814636, -0.0007459247135557234]"
957,"[0.07441044598817825, 0.0840262696146965]"
958,"[0.07418648153543472, 0.007887262850999832]"
959,"[0.07414169609546661, 0.09265945851802826]"
960,"[0.07427606731653214, -0.16165713965892792]"
961,"[0.07423127442598343, -0.0768849328160286]"
962,"[0.07544063031673431, 0.1342657208442688]"
963,"[0.07539582997560501, 0.21903792023658752]"
964,"[0.07553020119667053, -0.03527868166565895]"
965,"[0.07548541575670242, 0.049493517726659775]"
966,"[0.07526146620512009, -0.026645494624972343]"
967,"[0.07521666586399078, 0.05812670290470123]"
968,"[0.0753510370850563, -0.19618989527225494]"
969,"[0.07530625909566879, -0.11141769587993622]"
970,"[0.07508230209350586, -0.1875566989183426]"
971,"[0.07503750175237656, -0.10278450697660446]"
972,"[0.07517187297344208, 0.14289890229701996]"
973,"[0.07512709498405457, 0.22767110168933868]"
974,"[0.07490313053131104, 0.1515320986509323]"
975,"[0.07485834509134293, 0.23630429804325104]"
976,"[0.07499271631240845, -0.018012307584285736]"
977,"[0.07494793087244034, 0.06675989925861359]"
978,"[0.07329067587852478, 0.20333123207092285]"
979,"[0.07324588298797607, -0.21189656853675842]"
980,"[0.073380246758461, 0.0337868332862854]"
981,"[0.07333546131849289, 0.11855903267860413]"
982,"[0.07311151176691055, 0.04242001846432686]"
983,"[0.07306671142578125, 0.12719221413135529]"
984,"[0.07320109009742737, -0.1271243840456009]"
985,"[0.07315629720687866, -0.04235217720270157]"
986,"[0.07293234765529633, -0.11849118769168854]"
987,"[0.07288755476474762, -0.03371899202466011]"
988,"[0.07302192598581314, 0.211964413523674]"
989,"[0.07297714054584503, -0.20326338708400726]"
990,"[0.0727531909942627, 0.22059760987758636]"
991,"[0.07270839065313339, -0.1946302056312561]"
992,"[0.07284276187419891, 0.051053207367658615]"
993,"[0.0727979764342308, 0.13582541048526764]"
994,"[0.0740073174238205, -0.15302394330501556]"
995,"[0.07396253198385239, -0.06825175136327744]"
996,"[0.0740969106554985, 0.17743165791034698]"
997,"[0.0740521103143692, -0.2377961426973343]"
998,"[0.07382815331220627, 0.18606485426425934]"
999,"[0.07378337532281876, -0.22916294634342194]"
1000,"[0.07391774654388428, 0.01652044989168644]"
1001,"[0.07387294620275497, 0.10129264742136002]"
1002,"[0.07364900410175323, 0.025153636932373047]"
1003,"[-0.818773090839386, 3.46211576461792]"
1004,"[0.07373858243227005, -0.1443907618522644]"
1005,"[0.07369378209114075, -0.05961855873465538]"
1006,"[0.07346983999013901, -0.13575756549835205]"
1007,"[0.0734250470995903, -0.05098537355661392]"
1008,"[0.07355941087007523, 0.1946980357170105]"
1009,"[0.07351461797952652, -0.22052976489067078]"
1010,"[0.08332377672195435, 0.2143588364124298]"
1011,"[-1.4418398141860962, 4.804964065551758]"
1012,"[0.08341336995363235, 0.044814448803663254]"
1013,"[0.08336856961250305, 0.12958665192127228]"
1014,"[0.08314461261034012, 0.05344763770699501]"
1015,"[-2.972851037979126, 6.42883825302124]"
1016,"[0.08323420584201813, -0.11609675735235214]"
1017,"[0.08318940550088882, -0.031324561685323715]"
1018,"[0.08296545594930649, -0.10746357589960098]"
1019,"[0.08292067050933838, -0.022691374644637108]"
1020,"[0.0830550342798233, 0.22299203276634216]"
1021,"[0.0830102413892746, -0.1922357678413391]"
1022,"[0.08278629928827286, 0.23162521421909332]"
1023,"[0.08274150639772415, -0.18360258638858795]"
1024,"[0.08287587016820908, 0.06208082288503647]"
1025,"[0.08283107727766037, 0.1468530297279358]"
1026,"[0.08404042571783066, -0.1419963240623474]"
1027,"[0.08399564027786255, -0.05722413212060928]"
1028,"[0.08413001894950867, 0.18845927715301514]"
1029,"[0.08408522605895996, -0.22676852345466614]"
1030,"[0.08386126905679703, 0.1970924586057663]"
1031,"[0.08381647616624832, -0.21813534200191498]"
1032,"[0.08395085483789444, 0.02754807285964489]"
1033,"[0.08390606194734573, 0.11232027411460876]"
1034,"[0.0836821049451828, 0.0361812599003315]"
1035,"[0.08363731950521469, 0.12095345556735992]"
1036,"[0.08377169072628021, -0.13336314260959625]"
1037,"[0.08372689038515091, -0.04859093576669693]"
1038,"[0.08350294083356857, -0.1247299462556839]"
1039,"[0.08345815539360046, -0.03995775058865547]"
1040,"[0.08359252661466599, 0.20572565495967865]"
1041,"[0.08354773372411728, -0.20950214564800262]"
1042,"[0.08189047873020172, -0.07293081283569336]"
1043,"[0.08184568583965302, 0.011841382831335068]"
1044,"[0.08198005706071854, -0.2424752116203308]"
1045,"[0.08193527162075043, -0.15770301222801208]"
1046,"[0.0817113146185875, -0.23384203016757965]"
1047,"[0.08166652172803879, -0.14906983077526093]"
1048,"[0.0818009003996849, 0.0966135784983635]"
1049,"[0.0817561149597168, 0.18138577044010162]"
1050,"[-1.9179648160934448, 5.74885368347168]"
1051,"[0.08148735761642456, 0.19001896679401398]"
1052,"[0.08162173628807068, -0.0642976239323616]"
1053,"[0.08157695084810257, 0.020474569872021675]"
1054,"[-7.340296745300293, 1.1579773426055908]"
1055,"[0.08130820840597153, 0.029107756912708282]"
1056,"[0.08144257962703705, -0.2252088338136673]"
1057,"[0.08139778673648834, -0.14043663442134857]"
1058,"[0.08260713517665863, 0.07071401923894882]"
1059,"[0.08256234228610992, 0.15548621118068695]"
1060,"[0.08269670605659485, -0.09883038699626923]"
1061,"[0.08265192061662674, -0.014058186672627926]"
1062,"[0.0824279710650444, -0.09019719809293747]"
1063,"[0.0823831707239151, -0.005424992181360722]"
1064,"[0.08251754194498062, 0.24025841057300568]"
1065,"[0.08247276395559311, -0.1749693900346756]"
1066,"[0.08224880695343018, 0.24889159202575684]"
1067,"[-3.445235013961792, 7.608130931854248]"
1068,"[0.08233838528394699, 0.07934720814228058]"
1069,"[0.08229359984397888, 0.1641194075345993]"
1070,"[0.08206964284181595, 0.08798038959503174]"
1071,"[0.08202484995126724, 0.17275258898735046]"
1072,"[0.08215922117233276, -0.08156400173902512]"
1073,"[0.08211443573236465, 0.003208195324987173]"
1074,"[0.0804571807384491, 0.13977952301502228]"
1075,"[-1.6739073991775513, 5.269069194793701]"
1076,"[0.08054675906896591, -0.029764870181679726]"
1077,"[0.0805019661784172, 0.05500732734799385]"
1078,"[0.08027801662683487, -0.02113168314099312]"
1079,"[0.08023323118686676, 0.06364051252603531]"
1080,"[0.08036759495735168, -0.19067607820034027]"
1081,"[0.08032280206680298, -0.10590387880802155]"
1082,"[0.08009885996580124, -0.1820428967475891]"
1083,"[0.08005405962467194, -0.09727068990468979]"
1084,"[0.08018843084573746, 0.14841271936893463]"
1085,"[0.08014364540576935, 0.23318490386009216]"
1086,"[0.07991969585418701, 0.1570459008216858]"
1087,"[0.07987489551305771, 0.24181810021400452]"
1088,"[0.08000926673412323, -0.012498495168983936]"
1089,"[0.07996448129415512, 0.07227370142936707]"
1090,"[0.08117382228374481, -0.21657565236091614]"
1091,"[0.0811290442943573, -0.1318034529685974]"
1092,"[0.08126341551542282, 0.1138799637556076]"
1093,"[0.08121861517429352, 0.19865214824676514]"
1094,"[0.08099466562271118, 0.12251315265893936]"
1095,"[0.08094988018274307, 0.2072853446006775]"
1096,"[0.0810842514038086, -0.047031253576278687]"
1097,"[-4.120632648468018, 8.364313125610352]"
1098,"[0.08081550151109695, -0.03839805722236633]"
1099,"[0.08077071607112885, 0.046374138444662094]"
1100,"[0.08090508729219437, -0.20794245600700378]"
1101,"[0.08086029440164566, -0.12317026406526566]"
1102,"[0.08063634485006332, -0.19930927455425262]"
1103,"[0.08059155195951462, -0.1145370677113533]"
1104,"[0.08072591572999954, 0.13114634156227112]"
1105,"[0.08068113029003143, 0.21591852605342865]"
1106,"[0.07902387529611588, -0.14751014113426208]"
1107,"[0.07897908985614777, -0.06273793429136276]"
1108,"[0.07911346107721329, 0.18294547498226166]"
1109,"[0.07906866818666458, -0.2322823405265808]"
1110,"[0.07884471118450165, 0.19157865643501282]"
1111,"[0.07879992574453354, -0.22364914417266846]"
1112,"[0.07893429696559906, 0.022034261375665665]"
1113,"[0.07888950407505035, 0.10680645704269409]"
1114,"[0.07866554707288742, 0.030667448416352272]"
1115,"[0.07862076163291931, 0.11543964594602585]"
1116,"[0.07875514030456543, -0.13887694478034973]"
1117,"[0.07871033996343613, -0.054104749113321304]"
1118,"[0.0784863829612732, -0.13024376332759857]"
1119,"[0.07844160497188568, -0.04547156020998955]"
1120,"[0.0785759761929512, 0.20021185278892517]"
1121,"[0.0785311758518219, -0.2150159627199173]"
1122,"[0.07974053174257278, -0.0038653078954666853]"
1123,"[0.07969573140144348, 0.08090689778327942]"
1124,"[0.079830102622509, -0.17340970039367676]"
1125,"[0.07978532463312149, -0.08863750845193863]"
1126,"[0.07956136018037796, -0.1647765189409256]"
1127,"[0.07951656728982925, -0.08000431954860687]"
1128,"[0.07965094596147537, 0.16567909717559814]"
1129,"[0.07960616052150726, -0.24954871833324432]"
1130,"[0.07938219606876373, 0.1743122786283493]"
1131,"[0.07933741062879562, -0.24091552197933197]"
1132,"[0.07947178930044174, 0.004767886828631163]"
1133,"[0.07942699640989304, 0.08954008668661118]"
1134,"[0.0792030394077301, 0.013401074334979057]"
1135,"[0.0791582465171814, 0.09817327558994293]"
1136,"[0.07929262518882751, -0.15614332258701324]"
1137,"[-3.9761171340942383, 8.719407081604004]"
1138,"[0.043191347271203995, 0.1702483743429184]"
1139,"[0.04314655438065529, -0.24497942626476288]"
1140,"[0.04328092932701111, 0.0007039773045107722]"
1141,"[0.043236128985881805, 0.08547617495059967]"
1142,"[0.04301218315958977, 0.009337164461612701]"
1143,"[0.04296739399433136, 0.09410937130451202]"
1144,"[0.043101757764816284, -0.16020722687244415]"
1145,"[-9.205212593078613, 1.9605871438980103]"
1146,"[0.04283301904797554, -0.151574045419693]"
1147,"[0.04278822988271713, -0.06680184602737427]"
1148,"[0.04292259365320206, 0.17888157069683075]"
1149,"[0.042877811938524246, -0.23634624481201172]"
1150,"[-4.066880702972412, 8.335050582885742]"
1151,"[0.042609065771102905, -0.22771304845809937]"
1152,"[0.04274342954158783, 0.017970358952879906]"
1153,"[0.04269864782691002, 0.10274256020784378]"
1154,"[0.04390799254179001, -0.18610680103302002]"
1155,"[0.0438632033765316, -0.1013345941901207]"
1156,"[0.04399757459759712, 0.14434881508350372]"
1157,"[0.043952785432338715, 0.22912099957466125]"
1158,"[0.04372882843017578, 0.15298199653625488]"
1159,"[0.043684039264917374, 0.2377541959285736]"
1160,"[0.043818410485982895, -0.01656239852309227]"
1161,"[0.043773628771305084, 0.06820979714393616]"
1162,"[0.04354966804385185, -0.007929210551083088]"
1163,"[0.043504875153303146, 0.07684298604726791]"
1164,"[0.04363925755023956, -0.17747360467910767]"
1165,"[0.04359445720911026, -0.09270140528678894]"
1166,"[0.043370503932237625, -0.1688404232263565]"
1167,"[0.043325718492269516, -0.08406822383403778]"
1168,"[0.043460093438625336, 0.16161519289016724]"
1169,"[0.04341529309749603, 0.24638737738132477]"
1170,"[0.041758038103580475, -0.11704128980636597]"
1171,"[0.04171324893832207, -0.03226908668875694]"
1172,"[0.04184762015938759, 0.21341432631015778]"
1173,"[0.04180283844470978, -0.2018134891986847]"
1174,"[0.04157887399196625, 0.22204750776290894]"
1175,"[0.04153409227728844, -0.19318029284477234]"
1176,"[0.04166846349835396, 0.052503108978271484]"
1177,"[0.04162367433309555, 0.1372753083705902]"
1178,"[0.04139970988035202, 0.06113630533218384]"
1179,"[0.04135492816567421, 0.14590850472450256]"
1180,"[0.04148929938673973, -0.10840810090303421]"
1181,"[0.04144451022148132, -0.023635901510715485]"
1182,"[0.04122055694460869, -0.09977491199970245]"
1183,"[0.04117576405405998, -0.015002706088125706]"
1184,"[0.0413101390004158, 0.2306807041168213]"
1185,"[0.0412653386592865, -0.18454711139202118]"
1186,"[0.042474694550037384, 0.026603547856211662]"
1187,"[0.04242990165948868, 0.11137574166059494]"
1188,"[0.0425642728805542, -0.14294084906578064]"
1189,"[0.04251948371529579, -0.058168649673461914]"
1190,"[0.04229553043842316, -0.13430766761302948]"
1191,"[0.04225073754787445, -0.049535464495420456]"
1192,"[0.04238511249423027, 0.19614794850349426]"
1193,"[0.042340319603681564, -0.2190798670053482]"
1194,"[0.042116373777389526, 0.20478112995624542]"
1195,"[0.04207157343626022, -0.21044667065143585]"
1196,"[0.04220594838261604, 0.03523673489689827]"
1197,"[0.04216115549206734, 0.1200089305639267]"
1198,"[0.0419372022151947, 0.043869923800230026]"
1199,"[0.041892413049936295, 0.12864212691783905]"
1200,"[0.042026784271001816, -0.12567447125911713]"
1201,"[0.04198199883103371, -0.0409022755920887]"
1202,"[-7.4293975830078125, 1.2089080810546875]"
1203,"[-1.4711719751358032, 4.723841667175293]"
1204,"[0.040414318442344666, -0.07387533783912659]"
1205,"[0.04036952927708626, 0.010896855965256691]"
1206,"[0.04014558345079422, -0.06524215638637543]"
1207,"[-1.5430035591125488, 5.116535186767578]"
1208,"[0.04023515433073044, -0.23478654026985168]"
1209,"[0.04019037261605263, -0.15001435577869415]"
1210,"[0.03996641933917999, -0.22615335881710052]"
1211,"[0.03992161899805069, -0.1413811594247818]"
1212,"[0.04005599394440651, 0.10430224984884262]"
1213,"[0.0400112085044384, 0.18907444179058075]"
1214,"[0.039787255227565765, 0.11293543875217438]"
1215,"[0.03974245488643646, 0.1977076381444931]"
1216,"[0.03987683728337288, -0.05660896748304367]"
1217,"[-3.492902994155884, 7.3818464279174805]"
1218,"[0.04104139283299446, 0.23931388556957245]"
1219,"[0.040996599942445755, -0.17591391503810883]"
1220,"[0.041130974888801575, 0.0697694942355156]"
1221,"[0.04108618199825287, 0.15454168617725372]"
1222,"[0.040862228721380234, 0.07840267568826675]"
1223,"[0.04081743583083153, 0.16317488253116608]"
1224,"[0.04095181077718735, -0.0911417156457901]"
1225,"[0.04090701788663864, -0.006369518581777811]"
1226,"[0.040683064609766006, -0.08250852674245834]"
1227,"[0.040638282895088196, 0.0022636689245700836]"
1228,"[0.04077264666557312, 0.2479470819234848]"
1229,"[0.04072785750031471, -0.16728073358535767]"
1230,"[0.04050390049815178, -0.24341973662376404]"
1231,"[0.04045911878347397, -0.1586475372314453]"
1232,"[0.04059348255395889, 0.08703586459159851]"
1233,"[0.040548693388700485, 0.17180806398391724]"
1234,"[0.03889143839478493, -0.1916206032037735]"
1235,"[0.03884664550423622, -0.10684840381145477]"
1236,"[0.03898102790117264, 0.13883499801158905]"
1237,"[0.038936227560043335, 0.22360719740390778]"
1238,"[0.0387122742831707, 0.1474681943655014]"
1239,"[0.03866748884320259, 0.23224039375782013]"
1240,"[0.03880186378955841, -0.022076210007071495]"
1241,"[0.03875706344842911, 0.06269598752260208]"
1242,"[0.03853311762213707, -0.013443022035062313]"
1243,"[0.038488324731588364, 0.07132918387651443]"
1244,"[0.03862269967794418, -0.18298742175102234]"
1245,"[0.03857789933681488, -0.09821522235870361]"
1246,"[0.03835395351052284, -0.17435422539710999]"
1247,"[0.038309164345264435, -0.08958203345537186]"
1248,"[-1.4658235311508179, 4.710038185119629]"
1249,"[-4.3307600021362305, -0.5489505529403687]"
1250,"[0.03960809111595154, -0.04797577112913132]"
1251,"[0.03956330195069313, 0.03679642453789711]"
1252,"[0.03969767317175865, -0.21752017736434937]"
1253,"[0.039652880281209946, -0.13274797797203064]"
1254,"[0.03942892700433731, -0.208886981010437]"
1255,"[0.0393841378390789, -0.12411478161811829]"
1256,"[0.039518509060144424, 0.12156862765550613]"
1257,"[0.03947371989488602, 0.20634081959724426]"
1258,"[0.039249762892723083, 0.1302018165588379]"
1259,"[0.039204973727464676, 0.21497401595115662]"
1260,"[0.0393393449485302, -0.03934258595108986]"
1261,"[0.03929455578327179, 0.04542961344122887]"
1262,"[0.039070598781108856, -0.030709397047758102]"
1263,"[0.03902580961585045, 0.05406280234456062]"
1264,"[0.03916018083691597, -0.20025379955768585]"
1265,"[0.03911539912223816, -0.11548159271478653]"
1266,"[0.04892454296350479, -0.18059298396110535]"
1267,"[0.04887976124882698, -0.09582079201936722]"
1268,"[0.0490141324698925, 0.1498626172542572]"
1269,"[0.048969343304634094, 0.23463481664657593]"
1270,"[0.04874538630247116, 0.15849579870700836]"
1271,"[0.04870059713721275, 0.2432679980993271]"
1272,"[0.048834968358278275, -0.01104858610779047]"
1273,"[0.04879017919301987, 0.07372361421585083]"
1274,"[0.048566222190856934, -0.002415398368611932]"
1275,"[0.048521433025598526, 0.08235680311918259]"
1276,"[0.04865580424666405, -0.1719598025083542]"
1277,"[0.04861101508140564, -0.08718759566545486]"
1278,"[0.048387061804533005, -0.16332660615444183]"
1279,"[0.0483422689139843, -0.07855440676212311]"
1280,"[0.04847664013504982, 0.16712899506092072]"
1281,"[0.04843185842037201, -0.24809880554676056]"
1282,"[0.049641203135252, -0.036948155611753464]"
1283,"[0.049596406519412994, 0.04782404378056526]"
1284,"[0.049730777740478516, -0.2064925581216812]"
1285,"[0.04968598857522011, -0.12172035127878189]"
1286,"[0.04946204274892807, -0.19785936176776886]"
1287,"[0.04941724240779877, -0.11308716982603073]"
1288,"[0.04955161735415459, 0.1325962394475937]"
1289,"[-0.5342118144035339, 2.8922817707061768]"
1290,"[0.04928287863731384, 0.14122943580150604]"
1291,"[0.04923807829618454, 0.22600162029266357]"
1292,"[0.04937245324254036, -0.028314968571066856]"
1293,"[-3.0727627277374268, -0.5648770928382874]"
1294,"[0.049103714525699615, -0.01968178153038025]"
1295,"[0.04905891418457031, 0.06509042531251907]"
1296,"[0.04919329658150673, -0.1892261803150177]"
1297,"[0.04914850369095802, -0.10445398092269897]"
1298,"[0.047491248697042465, 0.03211735934019089]"
1299,"[0.04744645953178406, 0.11688955873250961]"
1300,"[0.04758082330226898, -0.13742704689502716]"
1301,"[0.04753604158759117, -0.052654847502708435]"
1302,"[0.04731208458542824, -0.1287938505411148]"
1303,"[0.04726729542016983, -0.04402165114879608]"
1304,"[0.047401659190654755, 0.20166175067424774]"
1305,"[0.047356877475976944, -0.21356604993343353]"
1306,"[0.04713292419910431, 0.2102949321269989]"
1307,"[0.0470881313085556, -0.20493286848068237]"
1308,"[0.04722250625491142, 0.040750544518232346]"
1309,"[0.04717771336436272, 0.12552274763584137]"
1310,"[0.04695376008749008, 0.0493837334215641]"
1311,"[0.046908967196941376, 0.13415592908859253]"
1312,"[0.047043342143297195, -0.12016066163778305]"
1313,"[0.04699854925274849, -0.03538846597075462]"
1314,"[0.04820789769291878, 0.17576217651367188]"
1315,"[0.04816310480237007, -0.2394656240940094]"
1316,"[0.04829747974872589, 0.006217788904905319]"
1317,"[-2.67657732963562, 6.210433483123779]"
1318,"[0.04802873358130455, 0.014850976876914501]"
1319,"[0.04798394814133644, 0.0996231734752655]"
1320,"[0.04811832308769226, -0.15469342470169067]"
1321,"[0.04807352274656296, -0.06992121785879135]"
1322,"[-10.339899063110352, 2.461115598678589]"
1323,"[0.04780478775501251, -0.06128803268074989]"
1324,"[0.04793915897607803, 0.18439537286758423]"
1325,"[0.04789435863494873, -0.23083242774009705]"
1326,"[-7.260156154632568, -0.32593271136283875]"
1327,"[-2.6466689109802246, -0.6007108092308044]"
1328,"[0.04775998741388321, 0.023484164848923683]"
1329,"[0.0477151982486248, 0.10825636982917786]"
1330,"[0.046057943254709244, 0.24482768774032593]"
1331,"[0.046013157814741135, -0.17040011286735535]"
1332,"[0.046147529035806656, 0.07528330385684967]"
1333,"[0.04610273987054825, 0.1600555032491684]"
1334,"[0.04587878659367561, 0.08391649276018143]"
1335,"[0.04583399370312691, 0.16868868470191956]"
1336,"[0.04596836864948273, -0.08562791347503662]"
1337,"[0.045923568308353424, -0.0008557068067602813]"
1338,"[0.045699622482061386, -0.07699471712112427]"
1339,"[0.04565482959151268, 0.007777480408549309]"
1340,"[0.0457892045378685, -0.24653911590576172]"
1341,"[0.0457444041967392, -0.161766916513443]"
1342,"[0.04552045837044716, -0.23790593445301056]"
1343,"[0.04547566920518875, -0.15313373506069183]"
1344,"[0.04561004042625427, 0.09254968166351318]"
1345,"[0.045565247535705566, 0.1773218810558319]"
1346,"[0.04677460342645645, -0.1115274727344513]"
1347,"[0.04672980308532715, -0.026755277067422867]"
1348,"[0.04686417803168297, 0.21892812848091125]"
1349,"[-6.726725101470947, -0.27163049578666687]"
1350,"[0.04659543186426163, 0.22756130993366241]"
1351,"[0.04655064269900322, -0.18766649067401886]"
1352,"[0.04668501392006874, 0.05801692232489586]"
1353,"[0.04664023220539093, 0.14278912544250488]"
1354,"[0.0464162677526474, 0.06665010750293732]"
1355,"[0.04637147858738899, 0.15142230689525604]"
1356,"[0.046505849808454514, -0.10289428383111954]"
1357,"[0.0464610680937767, -0.01812209002673626]"
1358,"[0.04623710364103317, -0.09426110237836838]"
1359,"[0.04619232192635536, -0.009488902054727077]"
1360,"[0.04632669314742088, 0.23619450628757477]"
1361,"[0.046281903982162476, -0.1790332943201065]"
1362,"[0.04462464898824692, -0.04246196895837784]"
1363,"[0.044579848647117615, 0.04231023043394089]"
1364,"[0.044714223593473434, -0.2120063602924347]"
1365,"[0.044669438153505325, -0.12723416090011597]"
1366,"[0.04444548487663269, -0.20337317883968353]"
1367,"[0.04440068453550339, -0.11860097944736481]"
1368,"[0.044535066932439804, 0.1270824372768402]"
1369,"[0.0444902740418911, 0.21185462176799774]"
1370,"[0.044266313314437866, 0.13571561872959137]"
1371,"[0.044221531599760056, 0.2204878181219101]"
1372,"[-12.323472023010254, 1.9965933561325073]"
1373,"[0.04431111365556717, 0.05094342678785324]"
1374,"[0.044087156653404236, -0.025195585563778877]"
1375,"[0.04404236748814583, 0.0595766119658947]"
1376,"[0.04417673870921135, -0.19473998248577118]"
1377,"[0.04413194954395294, -0.10996779054403305]"
1378,"[0.04534129425883293, 0.10118286311626434]"
1379,"[0.045296505093574524, 0.18595506250858307]"
1380,"[0.045430876314640045, -0.06836152821779251]"
1381,"[0.04538608714938164, 0.016410667449235916]"
1382,"[0.045162130147218704, -0.05972834303975105]"
1383,"[0.045117348432540894, 0.025043856352567673]"
1384,"[0.04525171220302582, -0.2292727380990982]"
1385,"[0.04520692303776741, -0.14450053870677948]"
1386,"[0.044982973486185074, -0.22063955664634705]"
1387,"[0.044938184320926666, -0.13586735725402832]"
1388,"[0.04507254809141159, 0.1098160520195961]"
1389,"[0.04502775892615318, 0.19458825886249542]"
1390,"[0.044803813099861145, 0.11844924092292786]"
1391,"[0.04475901275873184, 0.20322144031524658]"
1392,"[0.04489338770508766, -0.051095154136419296]"
1393,"[0.044848594814538956, 0.03367704153060913]"
1394,"[0.05465775355696678, -0.03143434226512909]"
1395,"[0.054612964391708374, 0.05333785340189934]"
1396,"[0.054747335612773895, -0.20097874104976654]"
1397,"[0.05470254644751549, -0.11620654165744781]"
1398,"[0.054478589445352554, -0.19234555959701538]"
1399,"[0.054433807730674744, -0.10757335275411606]"
1400,"[0.05456817150115967, 0.13811004161834717]"
1401,"[-7.622890949249268, 1.5217074155807495]"
1402,"[0.054299429059028625, 0.14674323797225952]"
1403,"[0.05425463616847992, 0.23151543736457825]"
1404,"[0.05438900738954544, -0.02280115708708763]"
1405,"[0.05434421822428703, 0.061971042305231094]"
1406,"[0.054120272397994995, -0.01416796911507845]"
1407,"[0.05407547205686569, 0.07060422748327255]"
1408,"[0.05420984700322151, -0.18371236324310303]"
1409,"[0.054165054112672806, -0.0989401638507843]"
1410,"[0.055374402552843094, 0.1122104823589325]"
1411,"[0.055329617112874985, 0.19698268175125122]"
1412,"[-3.1553704738616943, 6.578194618225098]"
1413,"[0.0554191917181015, 0.02743828482925892]"
1414,"[0.055195245891809464, -0.0487007275223732]"
1415,"[0.05515045300126076, 0.03607147932052612]"
1416,"[0.05528482794761658, -0.21824511885643005]"
1417,"[0.055240027606487274, -0.13347291946411133]"
1418,"[0.055016081780195236, -0.2096119374036789]"
1419,"[0.05497128888964653, -0.12483973801136017]"
1420,"[0.05510566383600235, 0.12084367126226425]"
1421,"[0.05506086349487305, 0.20561586320400238]"
1422,"[0.05483691766858101, 0.129476860165596]"
1423,"[0.0547921285033226, 0.21424905955791473]"
1424,"[0.05492649972438812, -0.040067531168460846]"
1425,"[0.054881710559129715, 0.04470466822385788]"
1426,"[0.05322445183992386, 0.18127599358558655]"
1427,"[0.05317966267466545, -0.23395180702209473]"
1428,"[0.05331403389573097, 0.011731600388884544]"
1429,"[0.053269244730472565, 0.09650379419326782]"
1430,"[0.05304529145359993, 0.02036478742957115]"
1431,"[0.053000498563051224, 0.10513697564601898]"
1432,"[0.05313487350940704, -0.149179607629776]"
1433,"[0.05309008061885834, -0.06440740823745728]"
1434,"[0.0528661273419857, -0.14054642617702484]"
1435,"[0.052821334451436996, -0.05577422305941582]"
1436,"[0.052955709397792816, 0.1899091750383377]"
1437,"[0.05291091650724411, -0.22531862556934357]"
1438,"[0.052686963230371475, 0.19854237139225006]"
1439,"[0.052642177790403366, -0.2166854292154312]"
1440,"[0.052776552736759186, 0.02899797633290291]"
1441,"[0.05273175239562988, 0.11377016454935074]"
1442,"[0.05394110828638077, -0.17507918179035187]"
1443,"[-9.123419761657715, 1.4087711572647095]"
1444,"[0.054030682891607285, 0.15537641942501068]"
1445,"[0.053985897451639175, 0.2401486188173294]"
1446,"[0.05376194417476654, 0.16400961577892303]"
1447,"[0.053717147558927536, 0.24878181517124176]"
1448,"[0.05385151877999306, -0.005534781608730555]"
1449,"[0.05380673334002495, 0.07923741638660431]"
1450,"[0.053582772612571716, 0.003098413348197937]"
1451,"[0.053537990897893906, 0.08787060528993607]"
1452,"[0.05367236211895943, -0.16644598543643951]"
1453,"[0.05362757295370102, -0.08167379349470139]"
1454,"[0.05340360850095749, -0.15781280398368835]"
1455,"[0.05335882678627968, -0.07304059714078903]"
1456,"[0.0534931980073452, 0.1726427972316742]"
1457,"[0.05344840884208679, -0.24258500337600708]"
1458,"[0.051791153848171234, -0.10601367056369781]"
1459,"[0.05174636095762253, -0.02124146558344364]"
1460,"[0.05188073590397835, 0.22444193065166473]"
1461,"[0.05183594301342964, -0.19078586995601654]"
1462,"[0.05161198973655701, 0.2330751270055771]"
1463,"[0.0515671968460083, -0.1821526736021042]"
1464,"[0.05170157179236412, 0.06353073567152023]"
1465,"[0.051656778901815414, 0.14830292761325836]"
1466,"[0.051432833075523376, 0.07216391712427139]"
1467,"[0.051388032734394073, 0.15693610906600952]"
1468,"[0.05152240768074989, -0.09738047420978546]"
1469,"[0.05147761479020119, -0.01260827761143446]"
1470,"[0.05125366151332855, -0.0887472853064537]"
1471,"[-0.7286578416824341, 3.1659231185913086]"
1472,"[0.051343243569135666, 0.24170830845832825]"
1473,"[0.05129845440387726, -0.17351949214935303]"
1474,"[0.05250779911875725, 0.037631161510944366]"
1475,"[0.05246301740407944, 0.1224033534526825]"
1476,"[-10.40517520904541, 2.244168519973755]"
1477,"[0.052552588284015656, -0.04714103415608406]"
1478,"[0.05232864245772362, -0.12328004837036133]"
1479,"[0.05228385329246521, -0.0385078489780426]"
1480,"[-0.47143200039863586, 2.8135128021240234]"
1481,"[0.05237342789769173, -0.20805224776268005]"
1482,"[0.05214947834610939, 0.21580874919891357]"
1483,"[0.05210468918085098, -0.1994190514087677]"
1484,"[0.05223905295133591, 0.04626435041427612]"
1485,"[0.052194271236658096, 0.13103654980659485]"
1486,"[0.05197031423449516, 0.05489754676818848]"
1487,"[0.05192551761865616, 0.139669731259346]"
1488,"[0.05205988883972168, -0.11464685946702957]"
1489,"[0.05201510712504387, -0.029874660074710846]"
1490,"[0.05035785213112831, 0.10669668018817902]"
1491,"[0.050313059240579605, 0.19146886467933655]"
1492,"[0.050447434186935425, -0.06284772604703903]"
1493,"[-6.085580348968506, -0.37587520480155945]"
1494,"[0.050178688019514084, -0.05421452969312668]"
1495,"[0.050133898854255676, 0.030557667836546898]"
1496,"[0.0502682700753212, -0.22375893592834473]"
1497,"[0.05022347718477249, -0.138986736536026]"
1498,"[0.04999952390789986, -0.21512573957443237]"
1499,"[0.04995473474264145, -0.13035354018211365]"
1500,"[0.05008910596370697, 0.11532986164093018]"
1501,"[0.05004431679844856, 0.2001020610332489]"
1502,"[0.04982035979628563, 0.12396305054426193]"
1503,"[0.04977557808160782, 0.20873524248600006]"
1504,"[0.04990994185209274, -0.04558134451508522]"
1505,"[0.049865152686834335, 0.039190854877233505]"
1506,"[-6.227272987365723, -0.3472992777824402]"
1507,"[0.05102970823645592, -0.16488629579544067]"
1508,"[0.05116407945752144, 0.08079710602760315]"
1509,"[0.05111929774284363, 0.16556930541992188]"
1510,"[0.0508953332901001, 0.0894302949309349]"
1511,"[0.05085054412484169, 0.17420248687267303]"
1512,"[0.05098492279648781, -0.08011410385370255]"
1513,"[0.0509401336312294, 0.00465809740126133]"
1514,"[0.05071617290377617, -0.07148091495037079]"
1515,"[0.05067138746380806, 0.013291284441947937]"
1516,"[0.05080575868487358, -0.24102531373500824]"
1517,"[0.050760962069034576, -0.15625311434268951]"
1518,"[0.05053701624274254, -0.2323921173810959]"
1519,"[0.05049222335219383, -0.14761991798877716]"
1520,"[0.05062659829854965, 0.09806349128484726]"
1521,"[0.05058179795742035, 0.1828356832265854]"
1522,"[0.060390956699848175, 0.11772428452968597]"
1523,"[0.06034616753458977, 0.2024964839220047]"
1524,"[0.06048053875565529, -0.05182010307908058]"
1525,"[0.06043575704097748, 0.03295208886265755]"
1526,"[0.06021179258823395, -0.043186914175748825]"
1527,"[0.06016700342297554, 0.041585274040699005]"
1528,"[0.06030138209462166, -0.21273131668567657]"
1529,"[-9.984142303466797, 2.169198989868164]"
1530,"[-2.547348737716675, -0.6097164750099182]"
1531,"[0.05998784676194191, -0.11932592839002609]"
1532,"[0.06012222170829773, 0.12635748088359833]"
1533,"[0.060077421367168427, 0.21112968027591705]"
1534,"[0.05985346809029579, 0.1349906623363495]"
1535,"[0.05980868265032768, 0.2197628617286682]"
1536,"[0.0599430575966835, -0.03455372899770737]"
1537,"[0.0598982572555542, 0.05021846294403076]"
1538,"[0.061107613146305084, -0.23863087594509125]"
1539,"[0.06106281280517578, -0.15385867655277252]"
1540,"[0.0611971952021122, 0.0918247252702713]"
1541,"[0.06115240231156349, 0.17659692466259003]"
1542,"[0.06092844903469086, 0.10045791417360306]"
1543,"[0.06088365614414215, 0.1852301061153412]"
1544,"[-10.719926834106445, 1.951032280921936]"
1545,"[0.060973238199949265, 0.015685712918639183]"
1546,"[0.06074928492307663, -0.06045328825712204]"
1547,"[0.06070449575781822, 0.02431889995932579]"
1548,"[0.06083886697888374, -0.2299976944923401]"
1549,"[0.06079407408833504, -0.14522549510002136]"
1550,"[0.0605701208114624, -0.22136449813842773]"
1551,"[0.060525331646203995, -0.136592298746109]"
1552,"[0.060659702867269516, 0.10909109562635422]"
1553,"[0.06061491370201111, 0.19386330246925354]"
1554,"[0.05895765870809555, -0.1695653647184372]"
1555,"[0.058912865817546844, -0.08479316532611847]"
1556,"[0.059047237038612366, 0.16089023649692535]"
1557,"[0.05900244787335396, 0.24566243588924408]"
1558,"[0.05877850204706192, 0.1695234179496765]"
1559,"[0.05873370170593262, -0.24570438265800476]"
1560,"[0.05886807665228844, -0.000020969981051166542]"
1561,"[0.05882328376173973, 0.08475121855735779]"
1562,"[0.05859933793544769, 0.008612209931015968]"
1563,"[0.05855453759431839, 0.09338440746068954]"
1564,"[0.05868891254067421, -0.16093218326568604]"
1565,"[0.0586441271007061, -0.07615998387336731]"
1566,"[0.05842016637325287, -0.15229898691177368]"
1567,"[0.05837537720799446, -0.06752679497003555]"
1568,"[0.05850974842905998, 0.17815661430358887]"
1569,"[0.05846496298909187, -0.2370711863040924]"
1570,"[0.05967431142926216, -0.02592054009437561]"
1571,"[0.059629518538713455, 0.058851659297943115]"
1572,"[0.059763893485069275, -0.19546493887901306]"
1573,"[0.05971909314393997, -0.11069273948669434]"
1574,"[0.059495147317647934, -0.1868317425251007]"
1575,"[0.059450358152389526, -0.10205955058336258]"
1576,"[0.05958472192287445, 0.14362385869026184]"
1577,"[0.05953994020819664, 0.22839605808258057]"
1578,"[0.05931598320603371, 0.152257040143013]"
1579,"[0.0592711940407753, 0.23702923953533173]"
1580,"[0.05940555781126022, -0.017287345603108406]"
1581,"[0.05936077609658241, 0.06748484820127487]"
1582,"[0.05913681909441948, -0.008654157631099224]"
1583,"[0.05909203737974167, 0.07611802965402603]"
1584,"[0.05922640115022659, -0.17819856107234955]"
1585,"[0.059181611984968185, -0.09342635422945023]"
1586,"[0.05752435699105263, 0.043144967406988144]"
1587,"[0.05747956410050392, 0.12791717052459717]"
1588,"[0.05761393904685974, -0.126399427652359]"
1589,"[0.057569146156311035, -0.041627224534749985]"
1590,"[0.0573451928794384, -0.11776623129844666]"
1591,"[0.05730040743947029, -0.03299403563141823]"
1592,"[0.05743478238582611, 0.2126893699169159]"
1593,"[-10.87986946105957, 2.4160232543945312]"
1594,"[0.05716602876782417, 0.22132255136966705]"
1595,"[0.05712124705314636, -0.19390524923801422]"
1596,"[0.057255618274211884, 0.0517781563103199]"
1597,"[0.05721082165837288, 0.13655035197734833]"
1598,"[0.05698687210679054, 0.06041134148836136]"
1599,"[0.056942082941532135, 0.14518354833126068]"
1600,"[0.05707644671201706, -0.1091330423951149]"
1601,"[0.05703165754675865, -0.02436084859073162]"
1602,"[0.05824100226163864, 0.18678979575634003]"
1603,"[0.05819622054696083, -0.22843800485134125]"
1604,"[0.05833059176802635, 0.017245396971702576]"
1605,"[0.058285802602767944, 0.1020176038146019]"
1606,"[-4.350812911987305, -0.5288883447647095]"
1607,"[0.0580170564353466, 0.11065079271793365]"
1608,"[0.058151427656412125, -0.14366580545902252]"
1609,"[0.05810663849115372, -0.058893606066703796]"
1610,"[0.057882681488990784, -0.13503260910511017]"
1611,"[0.057837892323732376, -0.05026040971279144]"
1612,"[0.0579722635447979, 0.19542299211025238]"
1613,"[0.05792747437953949, -0.2198048084974289]"
1614,"[0.057703521102666855, 0.20405617356300354]"
1615,"[0.05765872821211815, -0.21117162704467773]"
1616,"[0.05779310315847397, 0.03451177850365639]"
1617,"[0.05774831026792526, 0.11928397417068481]"
1618,"[0.0560910627245903, -0.24414469301700592]"
1619,"[0.0560462661087513, -0.1593724936246872]"
1620,"[0.05618063732981682, 0.08631091564893723]"
1621,"[0.05613584443926811, 0.17108310759067535]"
1622,"[-0.370791494846344, 2.6933846473693848]"
1623,"[0.05586710199713707, 0.1797163039445877]"
1624,"[0.05600147321820259, -0.07460028678178787]"
1625,"[0.05595668405294418, 0.010171908885240555]"
1626,"[0.05573272705078125, -0.06596709787845612]"
1627,"[0.05568793788552284, 0.018805095925927162]"
1628,"[0.055822309106588364, -0.23551149666309357]"
1629,"[0.05577752739191055, -0.15073929727077484]"
1630,"[-6.415262222290039, -0.1686394065618515]"
1631,"[0.055508773773908615, -0.14210611581802368]"
1632,"[0.05564315244555473, 0.10357728600502014]"
1633,"[0.055598363280296326, 0.18834948539733887]"
1634,"[0.056807707995176315, -0.10049986094236374]"
1635,"[0.05676291882991791, -0.015727661550045013]"
1636,"[0.05689728260040283, 0.2299557477235794]"
1637,"[0.056852493435144424, -0.18527205288410187]"
1638,"[0.056628547608852386, 0.23858892917633057]"
1639,"[0.056583747267723083, -0.1766388714313507]"
1640,"[0.056718118488788605, 0.06904453784227371]"
1641,"[0.056673336774110794, 0.15381672978401184]"
1642,"[0.05644938349723816, 0.07767772674560547]"
1643,"[0.056404583156108856, 0.1624499261379242]"
1644,"[0.05653896555304527, -0.09186667203903198]"
1645,"[0.05649417266249657, -0.007094465661793947]"
1646,"[0.05627021938562393, -0.08323347568511963]"
1647,"[0.056225426495075226, 0.0015387216117233038]"
1648,"[0.056359801441431046, 0.24722212553024292]"
1649,"[0.05631500855088234, -0.16800567507743835]"
1650,"[0.020258517935872078, 0.07361381500959396]"
1651,"[0.020213734358549118, 0.1583860218524933]"
1652,"[0.02034810744225979, -0.09593057632446289]"
1653,"[0.02030331641435623, -0.011158375069499016]"
1654,"[0.020079361274838448, -0.08729738742113113]"
1655,"[0.02003457024693489, -0.0025251880288124084]"
1656,"[-0.2967076003551483, 2.6693403720855713]"
1657,"[0.020124144852161407, -0.17206957936286926]"
1658,"[0.01990019716322422, -0.24820859730243683]"
1659,"[0.019855407997965813, -0.1634363979101181]"
1660,"[0.019989779219031334, 0.08224701136350632]"
1661,"[-1.3538254499435425, 4.524226665496826]"
1662,"[0.019721034914255142, 0.09088020026683807]"
1663,"[0.019676243886351585, 0.1756523996591568]"
1664,"[0.019810616970062256, -0.07866419851779938]"
1665,"[0.0197658259421587, 0.006108006928116083]"
1666,"[0.020975179970264435, 0.21725864708423615]"
1667,"[0.02093038149178028, -0.19796915352344513]"
1668,"[0.02106475457549095, 0.04771425202488899]"
1669,"[0.021019963547587395, 0.13248644769191742]"
1670,"[0.020796015858650208, 0.05634744092822075]"
1671,"[0.020751217380166054, 0.14111964404582977]"
1672,"[0.020885590463876724, -0.1131969466805458]"
1673,"[0.020840799435973167, -0.02842475101351738]"
1674,"[0.020616844296455383, -0.10456375777721405]"
1675,"[0.020572053268551826, -0.019791562110185623]"
1676,"[0.020706426352262497, 0.2258918434381485]"
1677,"[0.020661642774939537, -0.18933595716953278]"
1678,"[0.020437682047486305, 0.23452502489089966]"
1679,"[0.02039289101958275, -0.18070277571678162]"
1680,"[0.020527269691228867, 0.06498062610626221]"
1681,"[0.02048248052597046, 0.14975282549858093]"
1682,"[0.018825223669409752, -0.2136758416891098]"
1683,"[0.018780425190925598, -0.12890364229679108]"
1684,"[0.01891479827463627, 0.11677975952625275]"
1685,"[0.01887001469731331, 0.20155195891857147]"
1686,"[0.018646061420440674, 0.1254129558801651]"
1687,"[0.01860126294195652, 0.21018515527248383]"
1688,"[0.01873563416302204, -0.04413144290447235]"
1689,"[0.01869085244834423, 0.040640756487846375]"
1690,"[0.018466897308826447, -0.035498254001140594]"
1691,"[0.01842210628092289, 0.04927395284175873]"
1692,"[0.01855647936463356, -0.20504264533519745]"
1693,"[0.018511688336730003, -0.12027045339345932]"
1694,"[-7.290461540222168, -0.17546741664409637]"
1695,"[0.018242942169308662, -0.11163726449012756]"
1696,"[0.018377315253019333, 0.13404613733291626]"
1697,"[0.018332524225115776, 0.21881833672523499]"
1698,"[0.019541870802640915, -0.07003100216388702]"
1699,"[0.019497079774737358, 0.014741194434463978]"
1700,"[0.01963145285844803, -0.23957540094852448]"
1701,"[0.019586661830544472, -0.15480320155620575]"
1702,"[0.019362706691026688, -0.23094221949577332]"
1703,"[0.019317923113703728, -0.1461700201034546]"
1704,"[0.0194522887468338, 0.09951338171958923]"
1705,"[0.019407497718930244, 0.18428558111190796]"
1706,"[0.01918354444205761, 0.10814657062292099]"
1707,"[0.01913876086473465, 0.1929187774658203]"
1708,"[0.019273126497864723, -0.061397816985845566]"
1709,"[0.019228335469961166, 0.02337438240647316]"
1710,"[0.01900438778102398, -0.05276462808251381]"
1711,"[0.018959589302539825, 0.03200756758451462]"
1712,"[0.019093962386250496, -0.22230902314186096]"
1713,"[-7.095954895019531, 0.052205778658390045]"
1714,"[0.01739191636443138, -0.0009654963505454361]"
1715,"[0.01734713278710842, 0.08380670100450516]"
1716,"[0.017481505870819092, -0.17050988972187042]"
1717,"[0.017436707392334938, -0.0857376977801323]"
1718,"[0.01721275970339775, -0.16187670826911926]"
1719,"[0.017167968675494194, -0.07710450887680054]"
1720,"[0.017302341759204865, 0.1685788929462433]"
1721,"[0.01725754328072071, -0.246648907661438]"
1722,"[-8.843189239501953, 1.5881049633026123]"
1723,"[-7.329516887664795, 1.1012002229690552]"
1724,"[0.01712317019701004, 0.007667690981179476]"
1725,"[0.017078379169106483, 0.09243989735841751]"
1726,"[0.016854433342814445, 0.016300886869430542]"
1727,"[0.01680964231491089, 0.10107308626174927]"
1728,"[0.016944007948040962, -0.1532435119152069]"
1729,"[0.016899224370718002, -0.06847131997346878]"
1730,"[0.01810857094824314, 0.1426793336868286]"
1731,"[0.018063779920339584, 0.22745153307914734]"
1732,"[0.018198151141405106, -0.02686505950987339]"
1733,"[0.01815336011350155, 0.057907138019800186]"
1734,"[0.017929406836628914, -0.018231870606541634]"
1735,"[0.017884615808725357, 0.06654032319784164]"
1736,"[0.018018988892436028, -0.18777626752853394]"
1737,"[0.017974205315113068, -0.10300406813621521]"
1738,"[0.017750242725014687, -0.17914308607578278]"
1739,"[0.01770545169711113, -0.09437087923288345]"
1740,"[0.0178398247808218, 0.15131251513957977]"
1741,"[0.017795033752918243, 0.2360847145318985]"
1742,"[0.01757107861340046, 0.15994571149349213]"
1743,"[0.01752629689872265, 0.24471791088581085]"
1744,"[0.01766066811978817, -0.009598683565855026]"
1745,"[0.017615869641304016, 0.0751735121011734]"
1746,"[0.015958614647388458, 0.21174484491348267]"
1747,"[0.0159138236194849, -0.2034829556941986]"
1748,"[0.016048196703195572, 0.04220044985413551]"
1749,"[0.016003413125872612, 0.12697264552116394]"
1750,"[0.01577945053577423, 0.05083363503217697]"
1751,"[0.015734661370515823, 0.1356058269739151]"
1752,"[-6.576901435852051, -0.2597278654575348]"
1753,"[-6.731694221496582, 0.018578369170427322]"
1754,"[0.015600288286805153, -0.11007757484912872]"
1755,"[0.015555504709482193, -0.025305375456809998]"
1756,"[0.015689877793192863, 0.22037802636623383]"
1757,"[0.015645086765289307, -0.19484977424144745]"
1758,"[-9.988678932189941, 2.0679616928100586]"
1759,"[0.015376340597867966, -0.1862165778875351]"
1760,"[0.015510713681578636, 0.059466831386089325]"
1761,"[0.015465915203094482, 0.14423902332782745]"
1762,"[-6.276120662689209, -0.2732015550136566]"
1763,"[0.016630470752716064, -0.05983812361955643]"
1764,"[0.016764851287007332, 0.1858452707529068]"
1765,"[0.016720060259103775, -0.22938252985477448]"
1766,"[0.01649610511958599, 0.19447846710681915]"
1767,"[0.016451314091682434, -0.22074933350086212]"
1768,"[0.016585687175393105, 0.02493407391011715]"
1769,"[0.016540896147489548, 0.10970626771450043]"
1770,"[-9.617812156677246, 1.7794917821884155]"
1771,"[0.016272151842713356, 0.11833944916725159]"
1772,"[0.016406523063778877, -0.1359771341085434]"
1773,"[0.01636173389852047, -0.05120493844151497]"
1774,"[0.016137786209583282, -0.12734395265579224]"
1775,"[0.01609298773109913, -0.04257174953818321]"
1776,"[0.0162273608148098, 0.2031116485595703]"
1777,"[0.016182569786906242, -0.21211615204811096]"
1778,"[0.02599172852933407, 0.22277246415615082]"
1779,"[0.025946930050849915, -0.19245533645153046]"
1780,"[-0.7444217801094055, 3.30886173248291]"
1781,"[0.026036519557237625, 0.1380002647638321]"
1782,"[0.02581256441771984, 0.061861250549554825]"
1783,"[0.025767775252461433, 0.14663344621658325]"
1784,"[0.025902146473526955, -0.10768314450979233]"
1785,"[0.025857355445623398, -0.022910939529538155]"
1786,"[0.025633402168750763, -0.09904994815587997]"
1787,"[0.025588611140847206, -0.01427775900810957]"
1788,"[0.025722984224557877, 0.23140564560890198]"
1789,"[0.02567819319665432, -0.1838221549987793]"
1790,"[0.025454238057136536, 0.24003884196281433]"
1791,"[0.02540944702923298, -0.17518895864486694]"
1792,"[0.02554382011294365, 0.07049443572759628]"
1793,"[0.025499029085040092, 0.1552666425704956]"
1794,"[0.02670837566256523, -0.1335827112197876]"
1795,"[0.02666359208524227, -0.048810508102178574]"
1796,"[0.026797965168952942, 0.19687288999557495]"
1797,"[0.026753166690468788, -0.21835491061210632]"
1798,"[0.0265292190015316, 0.2055060863494873]"
1799,"[0.026484427973628044, -0.20972171425819397]"
1800,"[0.026618793606758118, 0.03596168011426926]"
1801,"[0.02657400257885456, 0.12073387950658798]"
1802,"[0.026350056752562523, 0.04459486901760101]"
1803,"[0.026305265724658966, 0.12936706840991974]"
1804,"[0.02643962949514389, -0.12494952231645584]"
1805,"[0.026394838467240334, -0.04017731919884682]"
1806,"[0.026170892640948296, -0.11631633341312408]"
1807,"[0.02612610161304474, -0.03154413402080536]"
1808,"[0.026260467246174812, 0.21413926780223846]"
1809,"[0.026215683668851852, -0.2010885328054428]"
1810,"[0.024558428674936295, -0.06451719999313354]"
1811,"[0.024513637647032738, 0.02025499939918518]"
1812,"[0.02464800886809826, -0.234061598777771]"
1813,"[0.024603210389614105, -0.14928939938545227]"
1814,"[0.024379264563322067, -0.22542840242385864]"
1815,"[0.02433447353541851, -0.14065620303153992]"
1816,"[0.02446884661912918, 0.1050271987915039]"
1817,"[0.024424055591225624, 0.18979939818382263]"
1818,"[0.02420010045170784, 0.11366038769483566]"
1819,"[0.024155309423804283, 0.1984325796365738]"
1820,"[-1.9307451248168945, 5.549778938293457]"
1821,"[0.024244891479611397, 0.028888186439871788]"
1822,"[-10.233956336975098, 1.2352830171585083]"
1823,"[0.023976154625415802, 0.037521373480558395]"
1824,"[0.024110518395900726, -0.21679522097110748]"
1825,"[0.02406572736799717, -0.13202302157878876]"
1826,"[0.02527507394552231, 0.07912762463092804]"
1827,"[0.02523028291761875, 0.16389982402324677]"
1828,"[-6.732147693634033, 0.017745213583111763]"
1829,"[0.025319872424006462, -0.005644571036100388]"
1830,"[0.02509591169655323, -0.08178357779979706]"
1831,"[0.025051120668649673, 0.0029886162374168634]"
1832,"[0.025185493752360344, 0.2486720234155655]"
1833,"[-10.591941833496094, 12.0487642288208]"
1834,"[0.024916747584939003, -0.24269478023052216]"
1835,"[0.024871964007616043, -0.15792258083820343]"
1836,"[0.025006337091326714, 0.0877608135342598]"
1837,"[0.024961546063423157, 0.17253302037715912]"
1838,"[0.024737583473324776, 0.09639400988817215]"
1839,"[0.024692799896001816, 0.18116620182991028]"
1840,"[0.024827172979712486, -0.0731503888964653]"
1841,"[0.024782374501228333, 0.011621803976595402]"
1842,"[0.023125119507312775, 0.1481931358575821]"
1843,"[0.023080335929989815, 0.23296533524990082]"
1844,"[0.023214709013700485, -0.021351253613829613]"
1845,"[0.02316991798579693, 0.06342094391584396]"
1846,"[0.022945955395698547, -0.012718060053884983]"
1847,"[0.022901171818375587, 0.07205413281917572]"
1848,"[0.023035544902086258, -0.18226246535778046]"
1849,"[0.0229907538741827, -0.09749026596546173]"
1850,"[0.022766800597310066, -0.1736292690038681]"
1851,"[0.02272200956940651, -0.08885706961154938]"
1852,"[0.02285638079047203, 0.15682633221149445]"
1853,"[0.022811591625213623, 0.24159853160381317]"
1854,"[0.02258763648569584, 0.1654595136642456]"
1855,"[-7.369088172912598, -0.024803798645734787]"
1856,"[0.022677218541502953, -0.004084872081875801]"
1857,"[0.022632427513599396, 0.08068732172250748]"
1858,"[0.023841774091124535, -0.20816202461719513]"
1859,"[0.023796990513801575, -0.1233898252248764]"
1860,"[0.023931356146931648, 0.12229356914758682]"
1861,"[0.02388656511902809, 0.20706577599048615]"
1862,"[0.023662617430090904, 0.13092675805091858]"
1863,"[-10.905445098876953, 12.187578201293945]"
1864,"[0.02375219203531742, -0.03861762955784798]"
1865,"[0.023707401007413864, 0.04615456238389015]"
1866,"[0.023483453318476677, -0.02998444251716137]"
1867,"[0.023438654839992523, 0.05478774756193161]"
1868,"[0.023573027923703194, -0.19952884316444397]"
1869,"[-1.8980270624160767, 5.545490741729736]"
1870,"[0.0233042910695076, -0.19089564681053162]"
1871,"[0.023259492591023445, -0.10612345486879349]"
1872,"[0.023393865674734116, 0.13955995440483093]"
1873,"[0.023349082097411156, 0.22433215379714966]"
1874,"[0.02169182524085045, -0.13909651339054108]"
1875,"[0.02164703607559204, -0.05432432144880295]"
1876,"[0.021781399846076965, 0.19135908782482147]"
1877,"[0.02173660881817341, -0.2238687127828598]"
1878,"[0.02151266299188137, 0.19999226927757263]"
1879,"[0.021467871963977814, -0.21523553133010864]"
1880,"[0.021602237597107887, 0.030447885394096375]"
1881,"[0.021557454019784927, 0.1152200773358345]"
1882,"[0.021333498880267143, 0.03908107429742813]"
1883,"[0.02128870040178299, 0.12385326623916626]"
1884,"[0.021423080936074257, -0.13046333193778992]"
1885,"[0.0213782899081707, -0.045691125094890594]"
1886,"[0.021154334768652916, -0.12183013558387756]"
1887,"[0.02110954374074936, -0.03705793619155884]"
1888,"[0.02124391682446003, 0.20862546563148499]"
1889,"[0.021199125796556473, -0.2066023349761963]"
1890,"[0.02240847237408161, 0.004548315424472094]"
1891,"[0.022363681346178055, 0.08932050317525864]"
1892,"[-3.3621644973754883, -0.5540366768836975]"
1893,"[0.02245326340198517, -0.08022388070821762]"
1894,"[0.022229310125112534, -0.1563628911972046]"
1895,"[0.022184519097208977, -0.07159069180488586]"
1896,"[0.022318897768855095, 0.17409271001815796]"
1897,"[-9.815037727355957, 2.1250500679016113]"
1898,"[0.022050146013498306, 0.18272589147090912]"
1899,"[0.022005362436175346, -0.23250190913677216]"
1900,"[0.022139735519886017, 0.013181502930819988]"
1901,"[0.022094937041401863, 0.0979536920785904]"
1902,"[0.021870989352464676, 0.02181469090282917]"
1903,"[0.02182619832456112, 0.10658688843250275]"
1904,"[-2.759460210800171, -0.6063255667686462]"
1905,"[0.021915772929787636, -0.0629575103521347]"
1906,"[0.03172493353486061, -0.12806889414787292]"
1907,"[0.031680140644311905, -0.043296705931425095]"
1908,"[-0.7429068088531494, 3.3126273155212402]"
1909,"[0.03176972270011902, -0.21284109354019165]"
1910,"[0.031545769423246384, 0.21101988852024078]"
1911,"[0.03150097653269768, -0.2042079120874405]"
1912,"[0.031635358929634094, 0.04147549346089363]"
1913,"[0.03159055858850479, 0.12624768912792206]"
1914,"[0.031366605311632156, 0.05010868236422539]"
1915,"[0.031321823596954346, 0.1348808854818344]"
1916,"[0.03145619481801987, -0.11943570524454117]"
1917,"[0.031411394476890564, -0.03466351702809334]"
1918,"[0.03118744120001793, -0.11080251634120941]"
1919,"[0.03114265762269497, -0.02603032998740673]"
1920,"[0.03127702325582504, 0.21965308487415314]"
1921,"[0.031232232227921486, -0.19557471573352814]"
1922,"[0.032441578805446625, 0.015575923956930637]"
1923,"[0.03239678964018822, 0.10034812986850739]"
1924,"[0.032531168311834335, -0.1539684683084488]"
1925,"[0.03248637914657593, -0.06919627636671066]"
1926,"[0.0322624146938324, -0.14533527195453644]"
1927,"[0.03221763297915459, -0.060563087463378906]"
1928,"[0.03235200420022011, 0.1851203292608261]"
1929,"[0.0323072150349617, -0.23010747134685516]"
1930,"[0.03208325803279877, 0.19375351071357727]"
1931,"[0.03203846886754036, -0.221474289894104]"
1932,"[0.03217284008860588, 0.024209119379520416]"
1933,"[0.03212805092334747, 0.10898131877183914]"
1934,"[0.03190409764647484, 0.032842304557561874]"
1935,"[0.03185930475592613, 0.1176145076751709]"
1936,"[0.03199367597699165, -0.13670209050178528]"
1937,"[0.03194887936115265, -0.05192989110946655]"
1938,"[0.030291631817817688, 0.08464144170284271]"
1939,"[0.03024684078991413, 0.16941364109516144]"
1940,"[0.0303812138736248, -0.08490295708179474]"
1941,"[0.030336422845721245, -0.00013075952301733196]"
1942,"[0.03011246770620346, -0.07626976817846298]"
1943,"[0.030067676678299904, 0.008502427488565445]"
1944,"[0.030202049762010574, -0.24581415951251984]"
1945,"[0.030157258734107018, -0.1610419601202011]"
1946,"[0.029933303594589233, -0.23718097805976868]"
1948,"[0.030022885650396347, 0.09327462315559387]"
1949,"[0.029978102073073387, 0.1780468225479126]"
1950,"[0.029754141345620155, 0.10190781205892563]"
1951,"[0.0297093503177166, 0.18668001890182495]"
1952,"[0.02984372340142727, -0.06763657927513123]"
1953,"[0.02979893982410431, 0.017135614529252052]"
1954,"[0.031008286401629448, 0.2282862663269043]"
1955,"[0.03096349537372589, -0.18694153428077698]"
1956,"[0.031097859144210815, 0.058741867542266846]"
1957,"[0.031053069978952408, 0.14351406693458557]"
1958,"[0.03082912229001522, 0.0673750638961792]"
1959,"[0.030784331262111664, 0.15214726328849792]"
1960,"[0.030918696895241737, -0.10216933488845825]"
1961,"[0.030873913317918777, -0.017397141084074974]"
1962,"[0.030649958178400993, -0.0935361459851265]"
1963,"[0.03060515969991684, -0.00876394659280777]"
1964,"[0.03073953278362751, 0.23691946268081665]"
1965,"[0.03069474920630455, -0.17830833792686462]"
1966,"[0.030470795929431915, 0.2455526441335678]"
1967,"[0.03042600490152836, -0.16967515647411346]"
1968,"[0.03056037612259388, 0.07600825279951096]"
1969,"[0.030515585094690323, 0.16078044474124908]"
1970,"[-1.7844234704971313, 5.206230640411377]"
1971,"[0.028813539072871208, -0.11787601560354233]"
1972,"[-1.6994099617004395, 5.036753177642822]"